var1,var2,var3
1735819;1;0
1737371;2;0
1738084;3;0
1849523;41;0
1852250;42;0
1855189;43;0
1858157;44;0
1861077;45;0
1864032;46;0
1866978;47;0
1869933;48;0
1872882;49;0
1875842;50;0
1878801;51;0
1881752;52;0
1884695;53;0
1887651;54;0
1890605;55;0
1893544;56;0
1896508;57;0
1899455;58;0
1902408;59;0
1905359;60;0
1908314;61;0
1911260;62;0
1914210;63;0
1917159;64;0
1920114;65;0
1923059;66;0
1926007;67;0
1928976;68;0
1931904;69;0
1934909;70;0
1937818;71;0
1940762;72;0
1943708;73;0
1946696;74;0
1949611;75;0
1952591;76;0
1955518;77;0
1958491;78;0
1961425;79;0
1964362;80;0
1967339;81;0
1970288;82;0
1973220;83;0
1976188;84;0
1979121;85;0
1982492;86;0
1985031;87;0
1987992;88;0
1990926;89;0
1993895;90;0
1996849;91;0
1999792;92;0
2002756;93;0
2005737;94;0
2008647;95;0
2011717;96;0
2014560;97;0
2017547;98;0
2020446;99;0
2023408;100;0
2026724;101;0
2029299;102;0
2032252;103;0
2035187;104;0
2038138;105;0
2041090;106;0
2044259;107;0
2047005;108;0
2049940;109;0
2052913;110;0
2055976;111;0
2058798;112;0
2061765;113;0
2064701;114;0
2067661;115;0
2070613;116;0
2073759;117;0
2076529;118;0
1746012;1;0
1747824;2;0
1748622;3;0
1880196;48;0
1882864;49;0
1885817;50;0
1888779;51;0
1891920;52;0
1894677;53;0
1897626;54;0
1900570;55;0
1903524;56;0
1906480;57;0
1909415;58;0
1912534;59;0
1915325;60;0
1918469;61;0
1921325;62;0
1924184;63;0
1927131;64;0
1930090;65;0
1933041;66;0
1935986;67;0
1938936;68;0
1941884;69;0
1945013;70;0
1947793;71;0
1950759;72;0
1953702;73;0
1956714;74;0
1959602;75;0
1962533;76;0
1965584;77;0
1968454;78;0
1971410;79;0
1974340;80;0
1977317;81;0
1980268;82;0
1983222;83;0
1986146;84;0
1989111;85;0
1992065;86;0
1995118;87;0
1997950;88;0
2000917;89;0
2003866;90;0
2006820;91;0
2009787;92;0
2012718;93;0
2015671;94;0
2018618;95;0
2021565;96;0
2024525;97;0
2027477;98;0
2030429;99;0
2033391;100;0
2036330;101;0
2039281;102;0
2042232;103;0
2045184;104;0
2048134;105;0
2051086;106;0
2054048;107;0
2056988;108;0
2059927;109;0
2063189;110;0
2065828;111;0
2068803;112;0
2071732;113;0
2074696;114;0
2077650;115;0
2080594;116;0
2083545;117;0
2086504;118;0
2089521;119;0
2092405;120;0
2095351;121;0
2098302;122;0
2101257;123;0
2104206;124;0
2107154;125;0
2110121;126;0
2113051;127;0
2116006;128;0
2118971;129;0
2121914;130;0
2124871;131;0
2127816;132;0
2130772;133;0
2133708;134;0
2136893;135;0
2139623;136;0
2142568;137;0
2145587;138;0
2148461;139;0
2151618;140;0
2154428;141;0
2157317;142;0
2160266;143;0
2163239;144;0
2166298;145;0
2169121;146;0
2172080;147;0
2175026;148;0
2177962;149;0
2180921;150;0
2183875;151;0
2186831;152;0
2189778;153;0
2192714;154;0
2195667;155;0
2198618;156;0
2201583;157;0
2204546;158;0
2207485;159;0
2210726;160;0
2213395;161;0
2216342;162;0
2219283;163;0
2222258;164;0
2225301;165;0
2228144;166;0
2231163;167;0
2234045;168;0
2236998;169;0
2239939;170;0
2242900;171;0
2245851;172;0
2248806;173;0
2251775;174;0
2254701;175;0
2257828;176;0
2260603;177;0
2263559;178;0
2266507;179;0
2269466;180;0
2272410;181;0
2275378;182;0
2278311;183;0
2281253;184;0
2284204;185;0
2287154;186;0
2290104;187;0
2293056;188;0
2296089;189;0
2298960;190;0
2301923;191;0
2304883;192;0
2307827;193;0
2310764;194;0
2313715;195;0
2316672;196;0
2319628;197;0
2322576;198;0
2325710;199;0
2328474;200;0
2331489;201;0
2334398;202;0
2337324;203;0
2340274;204;0
2343244;205;0
2346197;206;0
2349141;207;0
2352090;208;0
2355047;209;0
2358000;210;0
2361263;211;0
2363889;212;0
2366830;213;0
2369813;214;0
2372748;215;0
2375704;216;0
2378637;217;0
2381606;218;0
2384559;219;0
2387495;220;0
2390747;221;0
2393394;222;0
2396713;223;0
2399314;224;0
2402317;225;0
2405217;226;0
2408156;227;0
2411117;228;0
2414064;229;0
2417019;230;0
2419971;231;0
2422911;232;0
2425867;233;0
2428809;234;0
2431767;235;0
2434715;236;0
2437668;237;0
2440619;238;0
2443584;239;0
2446528;240;0
2449479;241;0
2452422;242;0
2455389;243;0
2458331;244;0
2461278;245;0
2464407;246;0
2467191;247;0
2470128;248;0
2473088;249;0
2476037;250;0
2478989;251;0
2481946;252;0
2484884;253;0
2487845;254;0
2490786;255;0
2493748;256;0
2496939;257;0
2499630;258;0
2502606;259;0
2505546;260;0
2508504;261;0
2511500;262;0
2514399;263;0
2517349;264;0
2520305;265;0
2523253;266;0
2526213;267;0
2529153;268;0
2532102;269;0
2535061;270;0
2538012;271;0
2540965;272;0
2543909;273;0
2546873;274;0
2549818;275;0
2552752;276;0
2555725;277;0
2558660;278;0
2561628;279;0
2564573;280;0
2567522;281;0
2570466;282;0
2573416;283;0
2576378;284;0
2579322;285;0
2582409;286;0
2585232;287;0
2588159;288;0
2591122;289;0
2594071;290;0
2597031;291;0
2599973;292;0
2602934;293;0
2605888;294;0
2608836;295;0
2611847;296;0
2614727;297;0
2617672;298;0
2620648;299;0
2623634;300;0
2626543;301;0
2629498;302;0
2632457;303;0
2635394;304;0
2638336;305;0
2641294;306;0
2644242;307;0
2647190;308;0
2650151;309;0
2653095;310;0
2656054;311;0
2659002;312;0
2661954;313;0
2664906;314;0
2667929;315;0
2670816;316;0
2673752;317;0
2676694;318;0
2679656;319;0
2682622;320;0
2685567;321;0
2688504;322;0
2691452;323;0
2694402;324;0
2697355;325;0
2700306;326;0
2703259;327;0
2706209;328;0
2709159;329;0
2712109;330;0
2715086;331;0
2718015;332;0
2720983;333;0
2724068;334;0
2726889;335;0
2729840;336;0
2732768;337;0
2735734;338;0
2738675;339;0
2741642;340;0
2744600;341;0
2747540;342;0
2750492;343;0
2753438;344;0
2756560;345;0
2759564;346;0
2762294;347;0
2765237;348;0
2768200;349;0
2771188;350;0
2774106;351;0
2777074;352;0
2780051;353;0
2782938;354;0
2785908;355;0
2788866;356;0
2791798;357;0
2794745;358;0
2797695;359;0
2800651;360;0
2803608;361;0
2806558;362;0
2809506;363;0
2812451;364;0
2815413;365;0
2818368;366;0
2821341;367;0
2824267;368;0
2827199;369;0
2830178;370;0
2833216;371;0
2836086;372;0
2839033;373;0
2842067;374;0
2844924;375;0
2847877;376;0
2850826;377;0
2853762;378;0
2856730;379;0
2859685;380;0
2862688;381;0
2865597;382;0
2868572;383;0
2871488;384;0
2874450;385;0
2877373;386;0
2880345;387;0
2883278;388;0
2886227;389;0
2889194;390;0
2892139;391;0
2895077;392;0
2898041;393;0
2900981;394;0
2903938;395;0
2906882;396;0
2909856;397;0
2912797;398;0
2915744;399;0
2918697;400;0
2921656;401;0
2924606;402;0
2927551;403;0
2930498;404;0
2933439;405;0
2936409;406;0
2939350;407;0
2942308;408;0
2945249;409;0
2948194;410;0
2951168;411;0
2954108;412;0
2957150;413;0
2960077;414;0
2962965;415;0
2965923;416;0
2968869;417;0
2971805;418;0
2974785;419;0
2977729;420;0
2980658;421;0
2983629;422;0
2986576;423;0
2989537;424;0
2992481;425;0
2995425;426;0
2998373;427;0
3001331;428;0
3004275;429;0
3007236;430;0
3010165;431;0
3013132;432;0
3016073;433;0
3019045;434;0
3022052;435;0
3024943;436;0
3027882;437;0
3030825;438;0
3033790;439;0
3036745;440;0
3039683;441;0
3042750;442;0
3045588;443;0
3048533;444;0
3051487;445;0
3054450;446;0
3057405;447;0
3060355;448;0
3063293;449;0
3066252;450;0
3069205;451;0
3072175;452;0
3075106;453;0
3078072;454;0
3081016;455;0
3083953;456;0
3086921;457;0
3089857;458;0
3092799;459;0
3095749;460;0
3098700;461;0
3101649;462;0
3104604;463;0
3107552;464;0
3110535;465;0
3113457;466;0
3116410;467;0
3119359;468;0
3122314;469;0
3125277;470;0
3128232;471;0
3131296;472;0
3134130;473;0
3137080;474;0
3140128;475;0
3142972;476;0
3146030;477;0
3148884;478;0
3151841;479;0
3154844;480;0
3157740;481;0
3160688;482;0
3163637;483;0
3166595;484;0
3169715;485;0
3172495;486;0
3175446;487;0
3178397;488;0
3181355;489;0
3184297;490;0
3187257;491;0
3190206;492;0
3193141;493;0
3196089;494;0
3199056;495;0
3201991;496;0
3204942;497;0
3207906;498;0
3210859;499;0
3213795;500;0
3216746;501;0
3219695;502;0
3222894;503;0
3225625;504;0
3228632;505;0
3231616;506;0
3234459;507;0
3237420;508;0
3240372;509;0
3243318;510;0
3246280;511;0
3249226;512;0
3252174;513;0
3255129;514;0
3258081;515;0
3261108;516;0
3263976;517;0
3266931;518;0
3269885;519;0
3272944;520;0
3275786;521;0
3278734;522;0
3281868;523;0
3284642;524;0
3287603;525;0
3290526;526;0
3293491;527;0
3296429;528;0
3299376;529;0
3302325;530;0
3305280;531;0
3308252;532;0
3311183;533;0
3314148;534;0
3317087;535;0
3320056;536;0
3323005;537;0
3325954;538;0
3328910;539;0
3331862;540;0
3334786;541;0
3337753;542;0
3340712;543;0
3343656;544;0
3346595;545;0
3349557;546;0
3352511;547;0
3355466;548;0
3358420;549;0
3361351;550;0
3364329;551;0
3367272;552;0
3370231;553;0
3373169;554;0
3376111;555;0
3379073;556;0
3382023;557;0
3384975;558;0
3387923;559;0
3390862;560;0
3393835;561;0
3396894;562;0
3399715;563;0
3402665;564;0
3405617;565;0
3408574;566;0
3411519;567;0
3414472;568;0
3417421;569;0
3420376;570;0
3423340;571;0
3426384;572;0
3429231;573;0
3432172;574;0
3435194;575;0
3438089;576;0
3441029;577;0
3443984;578;0
3447338;579;0
3450033;580;0
3452851;581;0
3456041;582;0
3458753;583;0
3461758;584;0
3464641;585;0
3467601;586;0
3470549;587;0
3473505;588;0
3476454;589;0
3479402;590;0
3482362;591;0
3485304;592;0
3488264;593;0
3491212;594;0
3494174;595;0
3497117;596;0
3500057;597;0
3503005;598;0
3505974;599;0
3508903;600;0
3511854;601;0
3514904;602;0
3517776;603;0
3520714;604;0
3523681;605;0
3526624;606;0
3529581;607;0
3532518;608;0
3535487;609;0
3538434;610;0
3541393;611;0
3544336;612;0
3547269;613;0
3550242;614;0
3553184;615;0
3556141;616;0
3559093;617;0
3562031;618;0
3565002;619;0
3567948;620;0
3571103;621;0
3573842;622;0
3576790;623;0
3579741;624;0
3582684;625;0
3585645;626;0
3588582;627;0
3591555;628;0
3594503;629;0
3597439;630;0
3600399;631;0
3603534;632;0
3606307;633;0
3609255;634;0
3612202;635;0
3615153;636;0
3618312;637;0
3621057;638;0
3624000;639;0
3626961;640;0
3629919;641;0
3632869;642;0
3635808;643;0
3638842;644;0
3641705;645;0
3644664;646;0
3647615;647;0
3650570;648;0
3653520;649;0
3656473;650;0
3659428;651;0
3662376;652;0
3665336;653;0
3668280;654;0
3671231;655;0
3674197;656;0
3677127;657;0
3680082;658;0
3683031;659;0
3686106;660;0
3688930;661;0
3691897;662;0
3694842;663;0
3697784;664;0
3700971;665;0
3703679;666;0
3706654;667;0
3709602;668;0
3712545;669;0
3715488;670;0
3718487;671;0
3721400;672;0
3724348;673;0
3727290;674;0
3730255;675;0
3733193;676;0
3736157;677;0
3739107;678;0
3742053;679;0
3745009;680;0
3747943;681;0
3750904;682;0
3753858;683;0
3756808;684;0
3759768;685;0
3762764;686;0
3765668;687;0
3768610;688;0
3771562;689;0
3774517;690;0
3777466;691;0
3780420;692;0
3783372;693;0
3786320;694;0
3789270;695;0
3792223;696;0
3795191;697;0
3798133;698;0
3801070;699;0
3804028;700;0
3806979;701;0
3809942;702;0
3812889;703;0
3815835;704;0
3818789;705;0
3821954;706;0
3824685;707;0
3827630;708;0
3830593;709;0
3833659;710;0
3836499;711;0
3839436;712;0
3842396;713;0
3845336;714;0
3848301;715;0
3851237;716;0
3854193;717;0
3857153;718;0
3860097;719;0
3863059;720;0
3865999;721;0
3868964;722;0
3871914;723;0
3874861;724;0
3877809;725;0
3880765;726;0
3883705;727;0
3886662;728;0
3889597;729;0
3892559;730;0
3895513;731;0
3898468;732;0
3901419;733;0
3904351;734;0
3907327;735;0
3910358;736;0
3913223;737;0
3916165;738;0
3919117;739;0
3922069;740;0
3925152;741;0
3927968;742;0
3930912;743;0
3933874;744;0
3936831;745;0
3939812;746;0
3942728;747;0
3945675;748;0
3948637;749;0
3951715;750;0
3954527;751;0
3957482;752;0
3960434;753;0
3963388;754;0
3966336;755;0
3969287;756;0
3972241;757;0
3975190;758;0
3978125;759;0
3981087;760;0
3984037;761;0
3986995;762;0
3989943;763;0
3992896;764;0
3995847;765;0
3998827;766;0
4001767;767;0
4004693;768;0
4007641;769;0
4010610;770;0
4013563;771;0
4016516;772;0
4019459;773;0
4022400;774;0
4025366;775;0
4028313;776;0
4031276;777;0
4034200;778;0
4037232;779;0
4040331;780;0
4043074;781;0
4046009;782;0
4048969;783;0
4051909;784;0
4054876;785;0
4057820;786;0
4060778;787;0
4063724;788;0
4066672;789;0
4069630;790;0
4072583;791;0
4075592;792;0
4078481;793;0
4081417;794;0
4084385;795;0
4087333;796;0
4090290;797;0
4093236;798;0
4096186;799;0
4099136;800;0
4102102;801;0
4105100;802;0
4107991;803;0
4110951;804;0
4114084;805;0
4116857;806;0
4119794;807;0
4122740;808;0
4125685;809;0
4128649;810;0
4131608;811;0
4134546;812;0
4137506;813;0
4140452;814;0
4143407;815;0
4146352;816;0
4149300;817;0
4152256;818;0
4155203;819;0
4158167;820;0
4161104;821;0
4164065;822;0
4167014;823;0
4169965;824;0
4172914;825;0
4175864;826;0
4178812;827;0
4181768;828;0
4184705;829;0
4187670;830;0
4190618;831;0
4193572;832;0
4196518;833;0
4199474;834;0
4202436;835;0
4205389;836;0
4208335;837;0
4211382;838;0
4214231;839;0
4217191;840;0
4220134;841;0
4223085;842;0
4226022;843;0
4229039;844;0
4231923;845;0
4234902;846;0
4237828;847;0
4240773;848;0
4243740;849;0
4246712;850;0
4249653;851;0
4252609;852;0
4255543;853;0
4258504;854;0
4261462;855;0
4264507;856;0
4267351;857;0
4270306;858;0
4273252;859;0
4276205;860;0
4279157;861;0
4282101;862;0
4285051;863;0
4288014;864;0
4290961;865;0
4293905;866;0
4296869;867;0
4299800;868;0
4302765;869;0
4305960;870;0
4308658;871;0
4311601;872;0
4314558;873;0
4317525;874;0
4320480;875;0
4323438;876;0
4326377;877;0
4329316;878;0
4332291;879;0
4335232;880;0
4338173;881;0
4341118;882;0
4344202;883;0
4347032;884;0
4350058;885;0
4352939;886;0
4356037;887;0
4358821;888;0
4361790;889;0
4364746;890;0
4367686;891;0
4370636;892;0
4373588;893;0
4376536;894;0
4379497;895;0
4382454;896;0
4385395;897;0
4388356;898;0
4391299;899;0
4394257;900;0
4397191;901;0
4400138;902;0
4403108;903;0
4406058;904;0
4409020;905;0
4411956;906;0
4414889;907;0
4417859;908;0
4420828;909;0
4423757;910;0
4426710;911;0
4429670;912;0
4432603;913;0
4435611;914;0
4438521;915;0
4441457;916;0
4444406;917;0
4447370;918;0
4450311;919;0
4453258;920;0
4456231;921;0
4459279;922;0
4462141;923;0
4465073;924;0
4468028;925;0
4470975;926;0
4473931;927;0
4476863;928;0
4479833;929;0
4482779;930;0
4485745;931;0
4488684;932;0
4491636;933;0
4494586;934;0
4497730;935;0
4500475;936;0
4503447;937;0
4506377;938;0
4509343;939;0
4512294;940;0
4515244;941;0
4518186;942;0
4521144;943;0
4524097;944;0
4527045;945;0
4529997;946;0
4532946;947;0
4535899;948;0
4538849;949;0
4541811;950;0
4544751;951;0
4547708;952;0
4550654;953;0
4553604;954;0
4556558;955;0
4559514;956;0
4562465;957;0
4565416;958;0
4568359;959;0
4571322;960;0
4574261;961;0
4577211;962;0
4580163;963;0
4583119;964;0
4586064;965;0
4589020;966;0
4591955;967;0
4594931;968;0
4597872;969;0
4600991;970;0
4603779;971;0
4606714;972;0
4609684;973;0
4612635;974;0
4615580;975;0
4618512;976;0
4621490;977;0
4624429;978;0
4627368;979;0
4630334;980;0
4633276;981;0
4636225;982;0
4639191;983;0
4642124;984;0
4645082;985;0
4648020;986;0
4651050;987;0
4653938;988;0
4656891;989;0
4660020;990;0
4662793;991;0
4665738;992;0
4668698;993;0
4671649;994;0
4674593;995;0
4677554;996;0
4680505;997;0
4683455;998;0
4686408;999;0
4689355;1000;0
4692314;1001;0
4695245;1002;0
4698217;1003;0
4701163;1004;0
4704113;1005;0
4707065;1006;0
4710195;1007;0
4712960;1008;0
4715927;1009;0
4718873;1010;0
4721801;1011;0
4724773;1012;0
4727712;1013;0
4730673;1014;0
4733627;1015;0
4736571;1016;0
4739530;1017;0
4742481;1018;0
4745434;1019;0
4748363;1020;0
4751316;1021;0
4754280;1022;0
4757239;1023;0
4760188;1024;0
4763238;1025;0
4766087;1026;0
4769037;1027;0
4771990;1028;0
4774933;1029;0
4777890;1030;0
4780838;1031;0
4783801;1032;0
4786737;1033;0
4789897;1034;0
4792646;1035;0
4795594;1036;0
4798533;1037;0
4801497;1038;0
4804463;1039;0
4807407;1040;0
4810448;1041;0
4813447;1042;0
4816492;1043;0
4819204;1044;0
4822152;1045;0
4825107;1046;0
4828060;1047;0
4831032;1048;0
4833959;1049;0
4836909;1050;0
4839898;1051;0
4842820;1052;0
4845755;1053;0
4848725;1054;0
4851664;1055;0
4854605;1056;0
4857579;1057;0
4860519;1058;0
4863472;1059;0
4866422;1060;0
4869374;1061;0
4872317;1062;0
4875273;1063;0
4878226;1064;0
4881181;1065;0
4884130;1066;0
4887077;1067;0
4890033;1068;0
4892982;1069;0
4895931;1070;0
4898882;1071;0
4901832;1072;0
4904794;1073;0
4907740;1074;0
4910699;1075;0
4913637;1076;0
4916590;1077;0
4919543;1078;0
4922497;1079;0
4925433;1080;0
4928380;1081;0
4931358;1082;0
4934297;1083;0
4937256;1084;0
4940188;1085;0
4943135;1086;0
4946154;1087;0
4949056;1088;0
4952003;1089;0
4954944;1090;0
4957889;1091;0
4960877;1092;0
4963812;1093;0
4966769;1094;0
4969708;1095;0
4972662;1096;0
4975609;1097;0
4978554;1098;0
4981518;1099;0
4984465;1100;0
4987416;1101;0
4990362;1102;0
4993321;1103;0
4996269;1104;0
4999226;1105;0
5002210;1106;0
5005299;1107;0
5008087;1108;0
5011022;1109;0
5013980;1110;0
5017013;1111;0
5019898;1112;0
5022841;1113;0
5025793;1114;0
5028806;1115;0
5031687;1116;0
5034640;1117;0
5037756;1118;0
5040523;1119;0
5043472;1120;0
5046441;1121;0
5049389;1122;0
5052330;1123;0
5055294;1124;0
5058226;1125;0
5061192;1126;0
5064145;1127;0
5067091;1128;0
5070047;1129;0
5072996;1130;0
5075941;1131;0
5078907;1132;0
5081840;1133;0
5084818;1134;0
5087760;1135;0
5090698;1136;0
5093709;1137;0
5096600;1138;0
5099559;1139;0
5102514;1140;0
5105462;1141;0
5108409;1142;0
5111364;1143;0
5114511;1144;0
5117261;1145;0
5120208;1146;0
5123165;1147;0
5126142;1148;0
5129078;1149;0
5132043;1150;0
5135327;1151;0
5137906;1152;0
5141004;1153;0
5143828;1154;0
5146783;1155;0
5149739;1156;0
5152673;1157;0
5155646;1158;0
5158573;1159;0
5161515;1160;0
5164494;1161;0
5167441;1162;0
5170399;1163;0
5173339;1164;0
5176282;1165;0
5179254;1166;0
5182193;1167;0
5185143;1168;0
5188091;1169;0
5191048;1170;0
5193999;1171;0
5196949;1172;0
5199924;1173;0
5202852;1174;0
5205808;1175;0
5208747;1176;0
5211708;1177;0
5214648;1178;0
5217603;1179;0
5220552;1180;0
5223506;1181;0
5226465;1182;0
5229412;1183;0
5232360;1184;0
5235294;1185;0
5238368;1186;0
5241203;1187;0
5244169;1188;0
5247116;1189;0
5250053;1190;0
5253055;1191;0
5255968;1192;0
5258921;1193;0
5261862;1194;0
5264825;1195;0
5267768;1196;0
5270710;1197;0
5273678;1198;0
5276623;1199;0
5279565;1200;0
5282527;1201;0
5285474;1202;0
5288424;1203;0
5291381;1204;0
5294330;1205;0
5297287;1206;0
5300240;1207;0
5303307;1208;0
5306149;1209;0
5309085;1210;0
5312045;1211;0
5314991;1212;0
5317936;1213;0
5320884;1214;0
5323845;1215;0
5326976;1216;0
5329917;1217;0
5332692;1218;0
5336331;1219;0
5338613;1220;0
5341544;1221;0
5344509;1222;0
5347449;1223;0
5350388;1224;0
5353341;1225;0
5356322;1226;0
5359244;1227;0
5362204;1228;0
5365144;1229;0
5368116;1230;0
5371339;1231;0
5374011;1232;0
5376969;1233;0
5380016;1234;0
5382858;1235;0
5385817;1236;0
5388756;1237;0
5391728;1238;0
5394660;1239;0
5397621;1240;0
5400577;1241;0
5403531;1242;0
5406465;1243;0
5409431;1244;0
5412370;1245;0
5415330;1246;0
5418279;1247;0
5421231;1248;0
5424177;1249;0
5427296;1250;0
5430148;1251;0
5433049;1252;0
5435993;1253;0
5438927;1254;0
5441901;1255;0
5444836;1256;0
5447791;1257;0
5450748;1258;0
5453673;1259;0
5456646;1260;0
5459581;1261;0
5462818;1262;0
5465496;1263;0
5468682;1264;0
5471398;1265;0
5474354;1266;0
5477324;1267;0
5480274;1268;0
5483203;1269;0
5486145;1270;0
5489098;1271;0
5492053;1272;0
5495006;1273;0
5497973;1274;0
5500920;1275;0
5503982;1276;0
5506814;1277;0
5509768;1278;0
5512706;1279;0
5515671;1280;0
5518608;1281;0
5521574;1282;0
5524523;1283;0
5527474;1284;0
5530405;1285;0
5533380;1286;0
5536326;1287;0
5539271;1288;0
5542217;1289;0
5545177;1290;0
5548122;1291;0
5551081;1292;0
5554024;1293;0
5556966;1294;0
5559918;1295;0
5562882;1296;0
5565830;1297;0
5568774;1298;0
5571718;1299;0
5574686;1300;0
5577640;1301;0
5580586;1302;0
5583544;1303;0
5586527;1304;0
5589438;1305;0
5592379;1306;0
5595571;1307;0
5598295;1308;0
5601246;1309;0
5604210;1310;0
5607144;1311;0
5610100;1312;0
5613048;1313;0
5615992;1314;0
5618958;1315;0
5621899;1316;0
5624860;1317;0
5627810;1318;0
5630745;1319;0
5633709;1320;0
5636657;1321;0
5639613;1322;0
5642545;1323;0
5645513;1324;0
5648451;1325;0
5651442;1326;0
5654359;1327;0
5657311;1328;0
5660258;1329;0
5663216;1330;0
5666153;1331;0
5669120;1332;0
5672064;1333;0
5675021;1334;0
5677974;1335;0
5681104;1336;0
5683874;1337;0
5686820;1338;0
5689767;1339;0
5692765;1340;0
5695667;1341;0
5698627;1342;0
5701577;1343;0
5704520;1344;0
5707466;1345;0
5710563;1346;0
5713386;1347;0
5716321;1348;0
5719295;1349;0
5722246;1350;0
5725188;1351;0
5728144;1352;0
5731098;1353;0
5734030;1354;0
5736998;1355;0
5739953;1356;0
5742890;1357;0
5745842;1358;0
5748798;1359;0
5751734;1360;0
5754698;1361;0
5757643;1362;0
5760598;1363;0
5763539;1364;0
5766490;1365;0
5769454;1366;0
5772420;1367;0
5775344;1368;0
5778317;1369;0
5781246;1370;0
5784225;1371;0
5787147;1372;0
5790207;1373;0
5793407;1374;0
5796017;1375;0
5798966;1376;0
5801922;1377;0
5804880;1378;0
5807834;1379;0
5810770;1380;0
5813806;1381;0
5816676;1382;0
5819619;1383;0
5822568;1384;0
5825626;1385;0
5828476;1386;0
5831437;1387;0
5834381;1388;0
5837335;1389;0
5840282;1390;0
5843231;1391;0
5846181;1392;0
5849123;1393;0
5852078;1394;0
5855129;1395;0
5857993;1396;0
5860940;1397;0
5863880;1398;0
5866842;1399;0
5869803;1400;0
5872737;1401;0
5875699;1402;0
5878647;1403;0
5881610;1404;0
5884537;1405;0
5887506;1406;0
5890465;1407;0
5893409;1408;0
5896355;1409;0
5899308;1410;0
5902259;1411;0
5905212;1412;0
5908160;1413;0
5911112;1414;0
5914059;1415;0
5917012;1416;0
5919973;1417;0
5922911;1418;0
5925868;1419;0
5928821;1420;0
5931764;1421;0
5934723;1422;0
5937662;1423;0
5940621;1424;0
5943584;1425;0
5946543;1426;0
5949477;1427;0
5952413;1428;0
5955378;1429;0
5958337;1430;0
5961283;1431;0
5964235;1432;0
5967166;1433;0
5970239;1434;0
5973078;1435;0
5976030;1436;0
5978969;1437;0
5981934;1438;0
5984899;1439;0
5987860;1440;0
5990792;1441;0
5993739;1442;0
5996681;1443;0
5999639;1444;0
6002601;1445;0
6005562;1446;0
6008488;1447;0
6011452;1448;0
6014410;1449;0
6017350;1450;0
6020297;1451;0
6023260;1452;0
6026193;1453;0
6029243;1454;0
6032101;1455;0
6035060;1456;0
6038011;1457;0
6041294;1458;0
6043906;1459;0
6047008;1460;0
6049809;1461;0
6052743;1462;0
6055720;1463;0
6058653;1464;0
6061616;1465;0
6064572;1466;0
6067502;1467;0
6070453;1468;0
6073418;1469;0
6076353;1470;0
6079329;1471;0
6082266;1472;0
6085498;1473;0
6088166;1474;0
6091129;1475;0
6094082;1476;0
6097017;1477;0
6099962;1478;0
6102927;1479;0
6105874;1480;0
6108839;1481;0
6111783;1482;0
6114734;1483;0
6117697;1484;0
6120631;1485;0
6123588;1486;0
6126538;1487;0
6129481;1488;0
6132443;1489;0
6135396;1490;0
6138345;1491;0
6141285;1492;0
6144251;1493;0
6147193;1494;0
6150161;1495;0
6153102;1496;0
6156043;1497;0
6159015;1498;0
6161935;1499;0
6164924;1500;0
6167851;1501;0
6170790;1502;0
6173763;1503;0
6176701;1504;0
6179648;1505;0
6182607;1506;0
6185548;1507;0
6188511;1508;0
6191457;1509;0
6194418;1510;0
6197362;1511;0
6200332;1512;0
6203581;1513;0
6206216;1514;0
6209171;1515;0
6212120;1516;0
6215057;1517;0
6218254;1518;0
6220973;1519;0
6223928;1520;0
6226878;1521;0
6229827;1522;0
6232843;1523;0
6235737;1524;0
6238677;1525;0
6241616;1526;0
6244585;1527;0
6247543;1528;0
6250619;1529;0
6253438;1530;0
6256391;1531;0
6259362;1532;0
6262285;1533;0
6265229;1534;0
6268190;1535;0
6271149;1536;0
6274084;1537;0
6277050;1538;0
6280005;1539;0
6282961;1540;0
6285883;1541;0
6288856;1542;0
6291799;1543;0
6295000;1544;0
6297777;1545;0
6300653;1546;0
6303601;1547;0
6306557;1548;0
6309506;1549;0
6312572;1550;0
6315415;1551;0
6318357;1552;0
6321306;1553;0
6324259;1554;0
6327219;1555;0
6330164;1556;0
6333114;1557;0
6336070;1558;0
6339020;1559;0
6341976;1560;0
6344906;1561;0
6347852;1562;0
6350831;1563;0
6353917;1564;0
6356730;1565;0
6359698;1566;0
6362611;1567;0
6365563;1568;0
6368541;1569;0
6371489;1570;0
6374420;1571;0
6377373;1572;0
6380322;1573;0
6383273;1574;0
6386241;1575;0
6389186;1576;0
6392139;1577;0
6395094;1578;0
6398097;1579;0
6400992;1580;0
6403946;1581;0
6406893;1582;0
6409913;1583;0
6412863;1584;0
6415748;1585;0
6418699;1586;0
6421647;1587;0
6424633;1588;0
6427552;1589;0
6430502;1590;0
6433460;1591;0
6436398;1592;0
6439359;1593;0
6442317;1594;0
6445256;1595;0
6448218;1596;0
6451416;1597;0
6454116;1598;0
6457068;1599;0
6460023;1600;0
6462956;1601;0
6465922;1602;0
6468851;1603;0
6471817;1604;0
6474765;1605;0
6477713;1606;0
6480658;1607;0
6483615;1608;0
6486575;1609;0
6489519;1610;0
6492465;1611;0
6495423;1612;0
6498380;1613;0
6501324;1614;0
6504284;1615;0
6507228;1616;0
6510392;1617;0
6513137;1618;0
6516085;1619;0
6519156;1620;0
6521984;1621;0
6524932;1622;0
6527868;1623;0
6530850;1624;0
6533790;1625;0
6536725;1626;0
6539694;1627;0
6542641;1628;0
6545590;1629;0
6548610;1630;0
6551502;1631;0
6554452;1632;0
6557400;1633;0
6560357;1634;0
6563310;1635;0
6566241;1636;0
6569204;1637;0
6572154;1638;0
6575091;1639;0
6578042;1640;0
6580996;1641;0
6583947;1642;0
6586910;1643;0
6589876;1644;0
6592808;1645;0
6595983;1646;0
6598720;1647;0
6601660;1648;0
6604603;1649;0
6607565;1650;0
6610521;1651;0
6613455;1652;0
6616467;1653;0
6619370;1654;0
6622320;1655;0
6625268;1656;0
6628219;1657;0
6631175;1658;0
6634128;1659;0
6637079;1660;0
6640012;1661;0
6642992;1662;0
6645929;1663;0
6648888;1664;0
6651840;1665;0
6654771;1666;0
6657737;1667;0
6660691;1668;0
6663645;1669;0
6666581;1670;0
6669743;1671;0
6672492;1672;0
6675471;1673;0
6678397;1674;0
6681354;1675;0
6684286;1676;0
6687255;1677;0
6690202;1678;0
6693152;1679;0
6696085;1680;0
6699055;1681;0
6701989;1682;0
6704962;1683;0
6707905;1684;0
6710858;1685;0
6713791;1686;0
6716759;1687;0
6719704;1688;0
6722660;1689;0
6725612;1690;0
6728548;1691;0
6731496;1692;0
6734472;1693;0
6737419;1694;0
6740367;1695;0
6743460;1696;0
6746274;1697;0
6749213;1698;0
6752167;1699;0
6755129;1700;0
6758074;1701;0
6761024;1702;0
6764008;1703;0
6766938;1704;0
6769891;1705;0
6772850;1706;0
6775780;1707;0
6778731;1708;0
6781741;1709;0
6784643;1710;0
6787580;1711;0
6790523;1712;0
6793476;1713;0
6796451;1714;0
6799380;1715;0
6802351;1716;0
6805296;1717;0
6808333;1718;0
6811205;1719;0
6814129;1720;0
6817105;1721;0
6820061;1722;0
6823003;1723;0
6825960;1724;0
6828917;1725;0
6831869;1726;0
6834848;1727;0
6837754;1728;0
6840709;1729;0
6843656;1730;0
6846609;1731;0
6849560;1732;0
6852513;1733;0
6855453;1734;0
6858416;1735;0
6861370;1736;0
6864321;1737;0
6867280;1738;0
6870224;1739;0
6873156;1740;0
6876118;1741;0
6879073;1742;0
6882022;1743;0
6884976;1744;0
6887917;1745;0
6890883;1746;0
6894027;1747;0
6896765;1748;0
6899732;1749;0
6902659;1750;0
6905637;1751;0
6908588;1752;0
6911728;1753;0
6914475;1754;0
6917441;1755;0
6920369;1756;0
6923332;1757;0
6926293;1758;0
6929244;1759;0
6932318;1760;0
6935137;1761;0
6938097;1762;0
6941042;1763;0
6943993;1764;0
6946934;1765;0
6949921;1766;0
6952851;1767;0
6955784;1768;0
6958751;1769;0
6961690;1770;0
6964665;1771;0
6967771;1772;0
6970560;1773;0
6973496;1774;0
6976439;1775;0
6979402;1776;0
6982348;1777;0
6985304;1778;0
6988258;1779;0
6991203;1780;0
6994151;1781;0
6997101;1782;0
7000056;1783;0
7003000;1784;0
7005952;1785;0
7008905;1786;0
7011862;1787;0
7014813;1788;0
7017766;1789;0
7020716;1790;0
7023668;1791;0
7026810;1792;0
7029569;1793;0
7032525;1794;0
7035477;1795;0
7038549;1796;0
7041387;1797;0
7044326;1798;0
7047290;1799;0
7050436;1800;0
7053184;1801;0
7056148;1802;0
7059089;1803;0
7062109;1804;0
7065011;1805;0
7068114;1806;0
7070964;1807;0
7073898;1808;0
7076802;1809;0
7079760;1810;0
7082683;1811;0
7085639;1812;0
7088615;1813;0
7091545;1814;0
7094490;1815;0
7097437;1816;0
7100390;1817;0
7103339;1818;0
7106295;1819;0
7109244;1820;0
7112197;1821;0
7115155;1822;0
7118092;1823;0
7121092;1824;0
7124001;1825;0
7126945;1826;0
7129919;1827;0
7132870;1828;0
7135813;1829;0
7138760;1830;0
7141718;1831;0
7144663;1832;0
7147622;1833;0
7150572;1834;0
7153507;1835;0
7156475;1836;0
7159428;1837;0
7162379;1838;0
7165332;1839;0
7168263;1840;0
7171243;1841;0
7174193;1842;0
7177140;1843;0
7180073;1844;0
7183014;1845;0
7185966;1846;0
7188938;1847;0
7191873;1848;0
7194824;1849;0
7197771;1850;0
7200728;1851;0
7203675;1852;0
7206645;1853;0
7209579;1854;0
7212530;1855;0
7218444;1857;0
7224345;1859;0
7227298;1860;0
7230427;1861;0
7233201;1862;0
7236131;1863;0
7239098;1864;0
7242129;1865;0
7245009;1866;0
7248036;1867;0
7250996;1868;0
7253859;1869;0
7256822;1870;0
7259762;1871;0
7262710;1872;0
7265695;1873;0
7268608;1874;0
7271566;1875;0
7274522;1876;0
7277464;1877;0
7280421;1878;0
7283359;1879;0
7286327;1880;0
7289369;1881;0
7292223;1882;0
7295174;1883;0
7298120;1884;0
7301059;1885;0
7304228;1886;0
7306971;1887;0
7309911;1888;0
7312868;1889;0
7315811;1890;0
7324855;1893;0
7327648;1894;0
7333539;1896;0
7336553;1897;0
7339430;1898;0
7342393;1899;0
7345433;1900;0
7348339;1901;0
7351244;1902;0
7354202;1903;0
7357139;1904;0
7360099;1905;0
7363054;1906;0
7365999;1907;0
7368951;1908;0
7372101;1909;0
7374900;1910;0
7378059;1911;0
7380781;1912;0
7383692;1913;0
7386661;1914;0
7389604;1915;0
7392559;1916;0
7395499;1917;0
7398448;1918;0
7401402;1919;0
7404353;1920;0
7407303;1921;0
7410253;1922;0
7413205;1923;0
7416156;1924;0
7419105;1925;0
7422058;1926;0
7425012;1927;0
7427978;1928;0
7431142;1929;0
7433884;1930;0
7436815;1931;0
7439777;1932;0
7442722;1933;0
7445689;1934;0
7448626;1935;0
7451579;1936;0
7454528;1937;0
7457494;1938;0
7460431;1939;0
7463397;1940;0
7466322;1941;0
7469268;1942;0
7472231;1943;0
7475190;1944;0
7478154;1945;0
7481128;1946;0
7484065;1947;0
7486982;1948;0
7489966;1949;0
7492901;1950;0
7519464;1959;0
7522396;1960;0
7525366;1961;0
7528317;1962;0
7531252;1963;0
7534203;1964;0
7537163;1965;0
7540131;1966;0
7546022;1968;0
7554987;1971;0
7557824;1972;0
7560776;1973;0
7563717;1974;0
7566662;1975;0
7569624;1976;0
7572582;1977;0
7575527;1978;0
7578466;1979;0
7581432;1980;0
7584485;1981;0
7587323;1982;0
7590266;1983;0
7593244;1984;0
7596183;1985;0
7599136;1986;0
7602077;1987;0
7605029;1988;0
7607997;1989;0
7610928;1990;0
7613904;1991;0
7616830;1992;0
7619796;1993;0
7622889;1994;0
7625707;1995;0
7628652;1996;0
7631590;1997;0
7634540;1998;0
7637498;1999;0
7640440;2000;0
7643392;2001;0
7646365;2002;0
7649305;2003;0
7652260;2004;0
7655211;2005;0
7658160;2006;0
7661246;2007;0
7664366;2008;0
7667020;2009;0
7669970;2010;0
7672909;2011;0
7675867;2012;0
7678803;2013;0
7681777;2014;0
7684822;2015;0
7687888;2016;0
7690605;2017;0
7693563;2018;0
7696522;2019;0
7699567;2020;0
7702427;2021;0
7705376;2022;0
7708312;2023;0
7711277;2024;0
7714218;2025;0
7717253;2026;0
7720118;2027;0
7723078;2028;0
7726028;2029;0
7728985;2030;0
7731922;2031;0
7734893;2032;0
7737828;2033;0
7740799;2034;0
7743742;2035;0
7746687;2036;0
7749639;2037;0
7752578;2038;0
7755549;2039;0
7758491;2040;0
7761450;2041;0
7764389;2042;0
7767348;2043;0
7770299;2044;0
7773253;2045;0
7776207;2046;0
7779188;2047;0
7782100;2048;0
7785040;2049;0
7788024;2050;0
7790962;2051;0
7793896;2052;0
7796843;2053;0
7799796;2054;0
7802789;2055;0
7805825;2056;0
7808655;2057;0
7811718;2058;0
7814571;2059;0
7817525;2060;0
7820477;2061;0
7823559;2062;0
7826370;2063;0
7829314;2064;0
7832405;2065;0
7835223;2066;0
7838174;2067;0
7841112;2068;0
7844077;2069;0
7847036;2070;0
7849989;2071;0
7853045;2072;0
7855881;2073;0
7858826;2074;0
7861782;2075;0
7864727;2076;0
7867675;2077;0
7870639;2078;0
7873578;2079;0
7876545;2080;0
7879480;2081;0
7882449;2082;0
7885504;2083;0
7888358;2084;0
7891368;2085;0
7894245;2086;0
7897188;2087;0
7900140;2088;0
7903087;2089;0
7906053;2090;0
7908989;2091;0
7911950;2092;0
7914898;2093;0
7917857;2094;0
7920806;2095;0
7923752;2096;0
7926713;2097;0
7929657;2098;0
7932635;2099;0
7935565;2100;0
7938512;2101;0
7941447;2102;0
7944421;2103;0
7947429;2104;0
7950481;2105;0
7953254;2106;0
7956227;2107;0
7959165;2108;0
7962114;2109;0
7965083;2110;0
7968011;2111;0
7970957;2112;0
7973911;2113;0
7976871;2114;0
7979946;2115;0
7982768;2116;0
7985723;2117;0
7988665;2118;0
7991635;2119;0
7994590;2120;0
7997521;2121;0
8000462;2122;0
8003423;2123;0
8006365;2124;0
8009632;2125;0
8012343;2126;0
8015227;2127;0
8018186;2128;0
8021144;2129;0
8024092;2130;0
8027030;2131;0
8029980;2132;0
8032932;2133;0
8035895;2134;0
8038845;2135;0
8041801;2136;0
8044746;2137;0
8047695;2138;0
8050666;2139;0
8053603;2140;0
8056554;2141;0
8059503;2142;0
8062458;2143;0
8065418;2144;0
8068356;2145;0
8071307;2146;0
8074260;2147;0
8077212;2148;0
8080168;2149;0
8083110;2150;0
8086086;2151;0
8089100;2152;0
8091980;2153;0
8094930;2154;0
8097876;2155;0
8100809;2156;0
8103757;2157;0
8106707;2158;0
8109657;2159;0
8112630;2160;0
8115574;2161;0
8118529;2162;0
8121485;2163;0
8124426;2164;0
8127371;2165;0
8130316;2166;0
8133289;2167;0
8136235;2168;0
8139187;2169;0
8142142;2170;0
8145098;2171;0
8148031;2172;0
8150983;2173;0
8154051;2174;0
8156906;2175;0
8159856;2176;0
8162795;2177;0
8165746;2178;0
8168699;2179;0
8171646;2180;0
8174602;2181;0
8177530;2182;0
8180501;2183;0
8183453;2184;0
8186475;2185;0
8189354;2186;0
8192319;2187;0
8195254;2188;0
8198210;2189;0
8201164;2190;0
8204096;2191;0
8207063;2192;0
8210005;2193;0
8213083;2194;0
8215932;2195;0
8218870;2196;0
8221815;2197;0
8224768;2198;0
8227728;2199;0
8230659;2200;0
8233616;2201;0
8236568;2202;0
8239523;2203;0
8242673;2204;0
8245500;2205;0
8248377;2206;0
8251312;2207;0
8254270;2208;0
8257233;2209;0
8260189;2210;0
8263126;2211;0
8266083;2212;0
8269032;2213;0
8271975;2214;0
8274924;2215;0
8277887;2216;0
8280838;2217;0
8283780;2218;0
8286746;2219;0
8289694;2220;0
8292645;2221;0
8295597;2222;0
8298541;2223;0
8301506;2224;0
8304443;2225;0
8307399;2226;0
8310345;2227;0
8313306;2228;0
8316252;2229;0
8319185;2230;0
8322138;2231;0
8325117;2232;0
8328041;2233;0
8330991;2234;0
8333941;2235;0
8336891;2236;0
8339877;2237;0
8342798;2238;0
8345765;2239;0
8348723;2240;0
8351666;2241;0
8354640;2242;0
8357567;2243;0
8360505;2244;0
8363467;2245;0
8366417;2246;0
8369532;2247;0
8372320;2248;0
8375263;2249;0
8378409;2250;0
8381173;2251;0
8384120;2252;0
8387075;2253;0
8390023;2254;0
8393134;2255;0
8395927;2256;0
8398879;2257;0
8401980;2258;0
8404784;2259;0
8407727;2260;0
8410778;2261;0
8413635;2262;0
8416593;2263;0
8419527;2264;0
8422499;2265;0
8425430;2266;0
8428392;2267;0
8431337;2268;0
8434289;2269;0
8437237;2270;0
8440210;2271;0
8443156;2272;0
8446082;2273;0
8449051;2274;0
8452121;2275;0
8454958;2276;0
8457904;2277;0
8460870;2278;0
8463799;2279;0
8466766;2280;0
8469702;2281;0
8472650;2282;0
8475613;2283;0
8478560;2284;0
8481514;2285;0
8484449;2286;0
8487428;2287;0
8490361;2288;0
8493307;2289;0
8496271;2290;0
8499209;2291;0
8502332;2292;0
8505131;2293;0
8508068;2294;0
8511053;2295;0
8513987;2296;0
8516919;2297;0
8519909;2298;0
8522811;2299;0
8525790;2300;0
8528718;2301;0
8531687;2302;0
8534654;2303;0
8537584;2304;0
8540523;2305;0
8543495;2306;0
8546444;2307;0
8549398;2308;0
8552336;2309;0
8555304;2310;0
8558238;2311;0
8561476;2312;0
8564147;2313;0
8567084;2314;0
8570046;2315;0
8572987;2316;0
8575946;2317;0
8578904;2318;0
8581851;2319;0
8584794;2320;0
8587766;2321;0
8590777;2322;0
8593655;2323;0
8596591;2324;0
8599550;2325;0
8602511;2326;0
8605440;2327;0
8608476;2328;0
8611362;2329;0
8614318;2330;0
8617268;2331;0
8620303;2332;0
8623167;2333;0
8626100;2334;0
8629052;2335;0
8632025;2336;0
8634962;2337;0
8637917;2338;0
8640872;2339;0
8643809;2340;0
8646783;2341;0
8649763;2342;0
8652695;2343;0
8655622;2344;0
8658584;2345;0
8661528;2346;0
8664479;2347;0
8667591;2348;0
8670385;2349;0
8673331;2350;0
8676284;2351;0
8679228;2352;0
8682184;2353;0
8685126;2354;0
8688087;2355;0
8691031;2356;0
8693989;2357;0
8696941;2358;0
8699925;2359;0
8702834;2360;0
8705796;2361;0
8708738;2362;0
8711699;2363;0
8714637;2364;0
8717584;2365;0
8720556;2366;0
8723487;2367;0
8726454;2368;0
8729401;2369;0
8732345;2370;0
8735362;2371;0
8738244;2372;0
8741208;2373;0
8744158;2374;0
8747114;2375;0
8750058;2376;0
8753006;2377;0
8755960;2378;0
8758919;2379;0
8761871;2380;0
8764809;2381;0
8767897;2382;0
8770717;2383;0
8773657;2384;0
8776608;2385;0
8779557;2386;0
8782521;2387;0
8785465;2388;0
8788409;2389;0
8791389;2390;0
8794331;2391;0
8797271;2392;0
8800241;2393;0
8803178;2394;0
8806128;2395;0
8809080;2396;0
8812043;2397;0
8814991;2398;0
8818032;2399;0
8820883;2400;0
8823990;2401;0
8826818;2402;0
8829753;2403;0
8832676;2404;0
8835626;2405;0
8838579;2406;0
8841531;2407;0
8844483;2408;0
8847586;2409;0
8850405;2410;0
8853356;2411;0
8856290;2412;0
8859250;2413;0
8862209;2414;0
8865144;2415;0
8868369;2416;0
8871054;2417;0
8876955;2419;0
8882863;2421;0
8885814;2422;0
8888758;2423;0
8891701;2424;0
8894675;2425;0
8897624;2426;0
8900582;2427;0
8903508;2428;0
8906479;2429;0
8909425;2430;0
8912363;2431;0
8915336;2432;0
8918264;2433;0
8921215;2434;0
8924180;2435;0
8927132;2436;0
8930067;2437;0
8933018;2438;0
8935966;2439;0
8938920;2440;0
8941870;2441;0
8944852;2442;0
8947781;2443;0
8950721;2444;0
8953680;2445;0
8956633;2446;0
8959579;2447;0
8962610;2448;0
8965490;2449;0
8968539;2450;0
8971394;2451;0
8974350;2452;0
8977406;2453;0
8980296;2454;0
8983211;2455;0
8986148;2456;0
8989114;2457;0
8992048;2458;0
8995000;2459;0
8997958;2460;0
9001057;2461;0
9003957;2462;0
9006800;2463;0
9009743;2464;0
9012709;2465;0
9015660;2466;0
9018609;2467;0
9021561;2468;0
9024506;2469;0
9027466;2470;0
9030421;2471;0
9033368;2472;0
9036308;2473;0
9039254;2474;0
9042204;2475;0
9045160;2476;0
9048115;2477;0
9051066;2478;0
9054029;2479;0
9056983;2480;0
9059932;2481;0
9062884;2482;0
9065959;2483;0
9068786;2484;0
9071719;2485;0
9074677;2486;0
9077636;2487;0
9080596;2488;0
9083534;2489;0
9086516;2490;0
9089445;2491;0
9092386;2492;0
9095340;2493;0
9098279;2494;0
9101241;2495;0
9104195;2496;0
9107147;2497;0
9110101;2498;0
9113119;2499;0
9115991;2500;0
9118959;2501;0
9121908;2502;0
9125242;2503;0
9127795;2504;0
9130740;2505;0
9133788;2506;0
9136656;2507;0
9139589;2508;0
9142548;2509;0
9145491;2510;0
9148446;2511;0
9151397;2512;0
9154350;2513;0
9157445;2514;0
9160267;2515;0
9163199;2516;0
9166176;2517;0
9169133;2518;0
9172051;2519;0
9175003;2520;0
9177964;2521;0
9180911;2522;0
9183874;2523;0
9186812;2524;0
9189775;2525;0
9192738;2526;0
9195682;2527;0
9198641;2528;0
9201641;2529;0
9204541;2530;0
9207482;2531;0
9210423;2532;0
9213384;2533;0
9216326;2534;0
9219284;2535;0
9222267;2536;0
9225203;2537;0
9228127;2538;0
9231097;2539;0
9234041;2540;0
9236999;2541;0
9239938;2542;0
9242884;2543;0
9245840;2544;0
9248790;2545;0
9251739;2546;0
9254695;2547;0
9257641;2548;0
9260596;2549;0
9263546;2550;0
9266525;2551;0
9269469;2552;0
9272410;2553;0
9275367;2554;0
9278303;2555;0
9281400;2556;0
9284298;2557;0
9287163;2558;0
9290200;2559;0
9293097;2560;0
9296011;2561;0
9299034;2562;0
9301907;2563;0
9304873;2564;0
9307875;2565;0
9310774;2566;0
9313726;2567;0
9316679;2568;0
9319629;2569;0
9322575;2570;0
9325530;2571;0
9328472;2572;0
9331428;2573;0
9334369;2574;0
9337312;2575;0
9340266;2576;0
9343219;2577;0
9346169;2578;0
9349124;2579;0
9352071;2580;0
9355039;2581;0
9358305;2582;0
9360940;2583;0
9363873;2584;0
9366842;2585;0
9369798;2586;0
9372727;2587;0
9375701;2588;0
9378662;2589;0
9381600;2590;0
9384544;2591;0
9387709;2592;0
9390448;2593;0
9393397;2594;0
9396355;2595;0
9399427;2596;0
9402259;2597;0
9405195;2598;0
9408157;2599;0
9411109;2600;0
9414057;2601;0
9417012;2602;0
9419965;2603;0
9422914;2604;0
9426313;2605;0
9428817;2606;0
9431753;2607;0
9434700;2608;0
9437649;2609;0
9440623;2610;0
9443580;2611;0
9446522;2612;0
9449460;2613;0
9452430;2614;0
9455764;2615;0
9458313;2616;0
9461258;2617;0
9464234;2618;0
9467296;2619;0
9470124;2620;0
9473078;2621;0
9476040;2622;0
9478981;2623;0
9481930;2624;0
9484895;2625;0
9487850;2626;0
9490976;2627;0
9493733;2628;0
9496680;2629;0
9499801;2630;0
9502599;2631;0
9505541;2632;0
9508482;2633;0
9511447;2634;0
9520294;2637;0
9523247;2638;0
9526203;2639;0
9529168;2640;0
9532112;2641;0
9535083;2642;0
9537999;2643;0
9540950;2644;0
9543922;2645;0
9546853;2646;0
9549789;2647;0
9552760;2648;0
9555703;2649;0
9558667;2650;0
9561626;2651;0
9564548;2652;0
9567520;2653;0
9570467;2654;0
9573455;2655;0
9576366;2656;0
9579330;2657;0
9582266;2658;0
9585226;2659;0
9588169;2660;0
9591122;2661;0
9594073;2662;0
9597029;2663;0
9599980;2664;0
9602921;2665;0
9605880;2666;0
9608826;2667;0
9611781;2668;0
9614734;2669;0
9617687;2670;0
9620843;2671;0
9623587;2672;0
9626540;2673;0
9629484;2674;0
9632444;2675;0
9635390;2676;0
9638335;2677;0
9641276;2678;0
9644294;2679;0
9647183;2680;0
9650154;2681;0
9653089;2682;0
9656054;2683;0
9658996;2684;0
9661944;2685;0
9664887;2686;0
9667855;2687;0
9670805;2688;0
9673764;2689;0
9676798;2690;0
9679832;2691;0
9682861;2692;0
9685912;2693;0
9688940;2694;0
9691984;2695;0
9695014;2696;0
9698062;2697;0
9701088;2698;0
9704141;2699;0
9707181;2700;0
9710207;2701;0
9713240;2702;0
9716289;2703;0
9719326;2704;0
9722345;2705;0
9725604;2706;0
9728548;2707;0
9731473;2708;0
9734531;2709;0
9737540;2710;0
9740601;2711;0
9743801;2712;0
9746669;2713;0
9749697;2714;0
9752739;2715;0
9755776;2716;0
9758818;2717;0
9761855;2718;0
9764911;2719;0
9767917;2720;0
9771010;2721;0
9774012;2722;0
9777140;2723;0
9780186;2724;0
9783114;2725;0
9786154;2726;0
9789201;2727;0
9792239;2728;0
9795334;2729;0
9798301;2730;0
9801348;2731;0
9804379;2732;0
9807418;2733;0
9810456;2734;0
9813494;2735;0
9816536;2736;0
9819556;2737;0
9822618;2738;0
9825647;2739;0
9828675;2740;0
9831738;2741;0
9834767;2742;0
9837806;2743;0
9840845;2744;0
9843876;2745;0
9846900;2746;0
9849938;2747;0
9852997;2748;0
9856031;2749;0
9859055;2750;0
9862119;2751;0
9865424;2752;0
9868179;2753;0
9871203;2754;0
9874261;2755;0
9877300;2756;0
9880336;2757;0
9883354;2758;0
9886409;2759;0
9889632;2760;0
9892487;2761;0
9895503;2762;0
9898539;2763;0
9901646;2764;0
9904633;2765;0
9907666;2766;0
9910709;2767;0
9913742;2768;0
9916779;2769;0
9919821;2770;0
9922861;2771;0
9925895;2772;0
9928938;2773;0
9931970;2774;0
9935018;2775;0
9938061;2776;0
9941092;2777;0
9944117;2778;0
9947183;2779;0
9950193;2780;0
9953241;2781;0
9956281;2782;0
9959308;2783;0
9962342;2784;0
9965393;2785;0
9968589;2786;0
9971468;2787;0
9974501;2788;0
9977548;2789;0
9980632;2790;0
9983622;2791;0
9986649;2792;0
9989699;2793;0
9992716;2794;0
9995768;2795;0
9999008;2796;0
10001839;2797;0
10004972;2798;0
10008096;2799;0
10011219;2800;0
10014341;2801;0
10017468;2802;0
10020598;2803;0
10023723;2804;0
10026844;2805;0
10030005;2806;0
10033075;2807;0
10036223;2808;0
10039349;2809;0
10042465;2810;0
10045599;2811;0
10048706;2812;0
10051829;2813;0
10054963;2814;0
10058092;2815;0
10061204;2816;0
10064400;2817;0
10067458;2818;0
10070593;2819;0
10073722;2820;0
10076863;2821;0
10079966;2822;0
10083095;2823;0
10086227;2824;0
10089334;2825;0
10092466;2826;0
10095615;2827;0
10098718;2828;0
10101851;2829;0
10104957;2830;0
10108096;2831;0
10111211;2832;0
10114342;2833;0
10117464;2834;0
10120591;2835;0
10123718;2836;0
10126841;2837;0
10130035;2838;0
10133079;2839;0
10136202;2840;0
10139347;2841;0
10142453;2842;0
10145595;2843;0
10148780;2844;0
10151817;2845;0
10154944;2846;0
10158071;2847;0
10161313;2848;0
10164318;2849;0
10167453;2850;0
10170572;2851;0
10173705;2852;0
10176820;2853;0
10179954;2854;0
10183061;2855;0
10186206;2856;0
10189339;2857;0
10192454;2858;0
10195571;2859;0
10198707;2860;0
10201919;2861;0
10204948;2862;0
10208077;2863;0
10211203;2864;0
10214328;2865;0
10217455;2866;0
10220580;2867;0
10223693;2868;0
10226821;2869;0
10229955;2870;0
10233121;2871;0
10236199;2872;0
10239303;2873;0
10242446;2874;0
10245810;2875;0
10248708;2876;0
10251819;2877;0
10254955;2878;0
10258061;2879;0
10261223;2880;0
10264326;2881;0
10267432;2882;0
10270576;2883;0
10273710;2884;0
10277036;2885;0
10279932;2886;0
10283084;2887;0
10286213;2888;0
10289323;2889;0
10292461;2890;0
10295691;2891;0
10298713;2892;0
10301825;2893;0
10304942;2894;0
10308072;2895;0
10311188;2896;0
10314322;2897;0
10317444;2898;0
10320571;2899;0
10323690;2900;0
10326817;2901;0
10329947;2902;0
10333062;2903;0
10336178;2904;0
10339307;2905;0
10342438;2906;0
10345567;2907;0
10348698;2908;0
10351822;2909;0
10354928;2910;0
10358074;2911;0
10361193;2912;0
10364325;2913;0
10367440;2914;0
10370548;2915;0
10373690;2916;0
10376819;2917;0
10379945;2918;0
10383070;2919;0
10386195;2920;0
10389310;2921;0
10392499;2922;0
10395571;2923;0
10398688;2924;0
10401809;2925;0
10404935;2926;0
10408050;2927;0
10411189;2928;0
10414309;2929;0
10417425;2930;0
10420556;2931;0
10423673;2932;0
10426811;2933;0
10429938;2934;0
10433035;2935;0
10436314;2936;0
10439301;2937;0
10442433;2938;0
10445539;2939;0
10448680;2940;0
10451833;2941;0
10454930;2942;0
10458100;2943;0
10461174;2944;0
10464327;2945;0
10467423;2946;0
10470559;2947;0
10473812;2948;0
10476830;2949;0
10479929;2950;0
10483061;2951;0
10486187;2952;0
10489313;2953;0
10492410;2954;0
10495613;2955;0
10498863;2956;0
10501805;2957;0
10504939;2958;0
10508043;2959;0
10511185;2960;0
10514302;2961;0
10517432;2962;0
10520680;2963;0
10523668;2964;0
10526805;2965;0
10529932;2966;0
10533048;2967;0
10536171;2968;0
10539290;2969;0
10542462;2970;0
10545538;2971;0
10548687;2972;0
10551807;2973;0
10554917;2974;0
10558040;2975;0
10561176;2976;0
10564281;2977;0
10567415;2978;0
10570539;2979;0
10573650;2980;0
10576799;2981;0
10579927;2982;0
10583056;2983;0
10586165;2984;0
10589276;2985;0
10592417;2986;0
10595633;2987;0
10598670;2988;0
10601783;2989;0
10604903;2990;0
10608030;2991;0
10611249;2992;0
10614335;2993;0
10617407;2994;0
10620548;2995;0
10623660;2996;0
10626784;2997;0
10629933;2998;0
10633037;2999;0
10636162;3000;0
10639298;3001;0
10642408;3002;0
10645532;3003;0
10648775;3004;0
10651774;3005;0
10654913;3006;0
10658036;3007;0
10661149;3008;0
10664437;3009;0
10667392;3010;0
10670533;3011;0
10673640;3012;0
10676763;3013;0
10679940;3014;0
10683015;3015;0
10686141;3016;0
10689279;3017;0
10692386;3018;0
10695520;3019;0
10698681;3020;0
10701781;3021;0
10705086;3022;0
10708014;3023;0
10711310;3024;0
10714272;3025;0
10717393;3026;0
10720521;3027;0
10723663;3028;0
10726785;3029;0
10729921;3030;0
10733028;3031;0
10736137;3032;0
10739357;3033;0
10742398;3034;0
10745525;3035;0
10748654;3036;0
10751775;3037;0
10754905;3038;0
10758027;3039;0
10761153;3040;0
10764260;3041;0
10767395;3042;0
10770577;3043;0
10773649;3044;0
10776756;3045;0
10779901;3046;0
10783016;3047;0
10786137;3048;0
10789254;3049;0
10792379;3050;0
10795514;3051;0
10798640;3052;0
10801858;3053;0
10804897;3054;0
10808019;3055;0
10811140;3056;0
10814252;3057;0
10817384;3058;0
10820500;3059;0
10823638;3060;0
10826803;3061;0
10829933;3062;0
10833056;3063;0
10836152;3064;0
10839437;3065;0
10842445;3066;0
10845706;3067;0
10848646;3068;0
10851764;3069;0
10854901;3070;0
10858010;3071;0
10861152;3072;0
10864262;3073;0
10867377;3074;0
10870509;3075;0
10873643;3076;0
10876745;3077;0
10879883;3078;0
10882995;3079;0
10886120;3080;0
10889263;3081;0
10892370;3082;0
10895493;3083;0
10898777;3084;0
10902064;3085;0
10904928;3086;0
10908075;3087;0
10911135;3088;0
10914255;3089;0
10917497;3090;0
10920638;3091;0
10923629;3092;0
10926754;3093;0
10929906;3094;0
10933006;3095;0
10936145;3096;0
10939241;3097;0
10942384;3098;0
10945501;3099;0
10948630;3100;0
10951733;3101;0
10954894;3102;0
10958098;3103;0
10961134;3104;0
10964256;3105;0
10967367;3106;0
10970492;3107;0
10973610;3108;0
10976748;3109;0
10979903;3110;0
10982984;3111;0
10986107;3112;0
10989250;3113;0
10992372;3114;0
10995480;3115;0
10998604;3116;0
11001746;3117;0
11004866;3118;0
11007998;3119;0
11011125;3120;0
11014238;3121;0
11017364;3122;0
11020491;3123;0
11023805;3124;0
11026872;3125;0
11029962;3126;0
11032998;3127;0
11036120;3128;0
11039250;3129;0
11042365;3130;0
11045490;3131;0
11048622;3132;0
11051812;3133;0
11054870;3134;0
11057979;3135;0
11061106;3136;0
11064473;3137;0
11067364;3138;0
11070486;3139;0
11073617;3140;0
11076732;3141;0
11079879;3142;0
11082995;3143;0
11086103;3144;0
11089228;3145;0
11092349;3146;0
11095473;3147;0
11098600;3148;0
11101778;3149;0
11104862;3150;0
11107976;3151;0
11111098;3152;0
11114242;3153;0
11117561;3154;0
11120561;3155;0
11123612;3156;0
11126954;3157;0
11129960;3158;0
11132992;3159;0
11136117;3160;0
11139252;3161;0
11142342;3162;0
11145472;3163;0
11148605;3164;0
11151742;3165;0
11154865;3166;0
11157981;3167;0
11161100;3168;0
11164231;3169;0
11167364;3170;0
11170486;3171;0
11173601;3172;0
11176737;3173;0
11179873;3174;0
11182980;3175;0
11186085;3176;0
11189212;3177;0
11192335;3178;0
11195463;3179;0
11198587;3180;0
11201795;3181;0
11204865;3182;0
11207971;3183;0
11211104;3184;0
11214211;3185;0
11217351;3186;0
11220480;3187;0
11223617;3188;0
11226725;3189;0
11229858;3190;0
11233010;3191;0
11236098;3192;0
11239275;3193;0
11242357;3194;0
11245477;3195;0
11248622;3196;0
11251720;3197;0
11254849;3198;0
11257971;3199;0
11261097;3200;0
11264219;3201;0
11267392;3202;0
11270480;3203;0
11273599;3204;0
11276712;3205;0
11279857;3206;0
11283022;3207;0
11286106;3208;0
11289200;3209;0
11292328;3210;0
11295456;3211;0
11298595;3212;0
11301703;3213;0
11304838;3214;0
11307973;3215;0
11311081;3216;0
11314225;3217;0
11317349;3218;0
11320478;3219;0
11323573;3220;0
11326738;3221;0
11329878;3222;0
11332976;3223;0
11336386;3224;0
11339216;3225;0
11342336;3226;0
11345469;3227;0
11348596;3228;0
11351851;3229;0
11354938;3230;0
11357954;3231;0
11361081;3232;0
11364211;3233;0
11367339;3234;0
11370461;3235;0
11373587;3236;0
11376701;3237;0
11379820;3238;0
11382942;3239;0
11386177;3240;0
11389212;3241;0
11392320;3242;0
11395447;3243;0
11398585;3244;0
11401706;3245;0
11404840;3246;0
11407941;3247;0
11411113;3248;0
11414398;3249;0
11417331;3250;0
11420556;3251;0
11423589;3252;0
11426702;3253;0
11429840;3254;0
11432952;3255;0
11436090;3256;0
11439217;3257;0
11442328;3258;0
11445455;3259;0
11448574;3260;0
11451697;3261;0
11454839;3262;0
11457950;3263;0
11461237;3264;0
11464201;3265;0
11467318;3266;0
11470466;3267;0
11473582;3268;0
11476719;3269;0
11479926;3270;0
11482953;3271;0
11486061;3272;0
11489196;3273;0
11492315;3274;0
11495431;3275;0
11498565;3276;0
11501703;3277;0
11504808;3278;0
11507930;3279;0
11511055;3280;0
11514181;3281;0
11517631;3282;0
11520459;3283;0
11523659;3284;0
11526690;3285;0
11529814;3286;0
11532948;3287;0
11536052;3288;0
11539196;3289;0
11542306;3290;0
11545454;3291;0
11548558;3292;0
11551687;3293;0
11554808;3294;0
11557944;3295;0
11561072;3296;0
11564204;3297;0
11567348;3298;0
11570636;3299;0
11573571;3300;0
11576803;3301;0
11579830;3302;0
11582932;3303;0
11586051;3304;0
11589180;3305;0
11592487;3306;0
11595437;3307;0
11598556;3308;0
11601920;3309;0
11604822;3310;0
11607999;3311;0
11611051;3312;0
11614184;3313;0
11617311;3314;0
11620483;3315;0
11623558;3316;0
11626686;3317;0
11629816;3318;0
11632947;3319;0
11636041;3320;0
11639182;3321;0
11642300;3322;0
11645422;3323;0
11648619;3324;0
11651678;3325;0
11654802;3326;0
11658111;3327;0
11661057;3328;0
11664190;3329;0
11667302;3330;0
11670433;3331;0
11673553;3332;0
11676679;3333;0
11679825;3334;0
11682934;3335;0
11686077;3336;0
11689196;3337;0
11692582;3338;0
11695436;3339;0
11698546;3340;0
11701666;3341;0
11704800;3342;0
11707933;3343;0
11711057;3344;0
11714180;3345;0
11717305;3346;0
11720437;3347;0
11723555;3348;0
11726678;3349;0
11729803;3350;0
11732912;3351;0
11736031;3352;0
11739247;3353;0
11742289;3354;0
11745498;3355;0
11748547;3356;0
11751676;3357;0
11754795;3358;0
11757935;3359;0
11761052;3360;0
11764169;3361;0
11767280;3362;0
11770420;3363;0
11773555;3364;0
11776672;3365;0
11779789;3366;0
11782923;3367;0
11786051;3368;0
11789152;3369;0
11792301;3370;0
11795409;3371;0
11798555;3372;0
11801682;3373;0
11804788;3374;0
11807916;3375;0
11811230;3376;0
11814171;3377;0
11817287;3378;0
11820423;3379;0
11823520;3380;0
11826646;3381;0
11829789;3382;0
11832902;3383;0
11836042;3384;0
11839166;3385;0
11842270;3386;0
11845415;3387;0
11848534;3388;0
11851664;3389;0
11854848;3390;0
11857921;3391;0
11861023;3392;0
11864165;3393;0
11867291;3394;0
11870494;3395;0
11873549;3396;0
11876655;3397;0
11879780;3398;0
11882908;3399;0
11886031;3400;0
11889154;3401;0
11892279;3402;0
11895409;3403;0
11898543;3404;0
11901767;3405;0
11904791;3406;0
11907896;3407;0
11911032;3408;0
11914160;3409;0
11917274;3410;0
11920388;3411;0
11923532;3412;0
11926664;3413;0
11929775;3414;0
11932902;3415;0
11936022;3416;0
11939141;3417;0
11942278;3418;0
11945395;3419;0
11948526;3420;0
11951645;3421;0
11954787;3422;0
11957905;3423;0
11961134;3424;0
11964145;3425;0
11967286;3426;0
11970410;3427;0
11973525;3428;0
11976849;3429;0
11979766;3430;0
11982913;3431;0
11986079;3432;0
11989145;3433;0
11992263;3434;0
11995381;3435;0
11998504;3436;0
12001648;3437;0
12004765;3438;0
12007902;3439;0
12011032;3440;0
12014148;3441;0
12017262;3442;0
12020392;3443;0
12023530;3444;0
12026704;3445;0
12029766;3446;0
12032888;3447;0
12036017;3448;0
12039143;3449;0
12042263;3450;0
12045373;3451;0
12048527;3452;0
12051652;3453;0
12054757;3454;0
12057898;3455;0
12061021;3456;0
12064141;3457;0
12067263;3458;0
12070381;3459;0
12073525;3460;0
12076646;3461;0
12079776;3462;0
12082893;3463;0
12086026;3464;0
12089164;3465;0
12092261;3466;0
12095411;3467;0
12098721;3468;0
12101640;3469;0
12104879;3470;0
12107886;3471;0
12110995;3472;0
12114205;3473;0
12117259;3474;0
12120386;3475;0
12123495;3476;0
12126619;3477;0
12129761;3478;0
12132882;3479;0
12136007;3480;0
12139136;3481;0
12142264;3482;0
12145378;3483;0
12148491;3484;0
12151623;3485;0
12154864;3486;0
12157879;3487;0
12161001;3488;0
12164133;3489;0
12167261;3490;0
12170369;3491;0
12173501;3492;0
12176630;3493;0
12179756;3494;0
12182879;3495;0
12186006;3496;0
12189136;3497;0
12192268;3498;0
12195360;3499;0
12198514;3500;0
12201647;3501;0
12204739;3502;0
12207929;3503;0
12211011;3504;0
12214112;3505;0
12217267;3506;0
12220390;3507;0
12223510;3508;0
12226607;3509;0
12229747;3510;0
12232877;3511;0
12236017;3512;0
12239116;3513;0
12242242;3514;0
12245373;3515;0
12248554;3516;0
12251606;3517;0
12254839;3518;0
12257863;3519;0
12260977;3520;0
12264106;3521;0
12267238;3522;0
12270377;3523;0
12273484;3524;0
12276716;3525;0
12279752;3526;0
12282879;3527;0
12285997;3528;0
12289115;3529;0
12292245;3530;0
12295376;3531;0
12298498;3532;0
12301624;3533;0
12304730;3534;0
12307870;3535;0
12311006;3536;0
12314115;3537;0
12317322;3538;0
12320373;3539;0
12323489;3540;0
12326599;3541;0
12329744;3542;0
12332866;3543;0
12335991;3544;0
12339107;3545;0
12342238;3546;0
12345356;3547;0
12348493;3548;0
12351598;3549;0
12354722;3550;0
12357844;3551;0
12360990;3552;0
12364113;3553;0
12367276;3554;0
12370361;3555;0
12373477;3556;0
12376719;3557;0
12379899;3558;0
12382863;3559;0
12385975;3560;0
12389105;3561;0
12392228;3562;0
12395354;3563;0
12398487;3564;0
12401595;3565;0
12404741;3566;0
12407848;3567;0
12411080;3568;0
12414103;3569;0
12417221;3570;0
12420362;3571;0
12423477;3572;0
12426602;3573;0
12429727;3574;0
12433063;3575;0
12435976;3576;0
12439100;3577;0
12442219;3578;0
12445350;3579;0
12448662;3580;0
12451602;3581;0
12454716;3582;0
12457835;3583;0
12461066;3584;0
12464097;3585;0
12467242;3586;0
12470364;3587;0
12473472;3588;0
12476683;3589;0
12479724;3590;0
12482839;3591;0
12485973;3592;0
12489100;3593;0
12492232;3594;0
12495354;3595;0
12498490;3596;0
12501586;3597;0
12504751;3598;0
12507839;3599;0
12510961;3600;0
12514105;3601;0
12517206;3602;0
12520330;3603;0
12523457;3604;0
12526759;3605;0
12529726;3606;0
12532831;3607;0
12535958;3608;0
12539086;3609;0
12542229;3610;0
12545351;3611;0
12548472;3612;0
12551604;3613;0
12554718;3614;0
12557828;3615;0
12560950;3616;0
12564074;3617;0
12567232;3618;0
12570347;3619;0
12573477;3620;0
12576631;3621;0
12579710;3622;0
12582846;3623;0
12585978;3624;0
12589089;3625;0
12592209;3626;0
12595344;3627;0
12598463;3628;0
12601616;3629;0
12604723;3630;0
12607820;3631;0
12610961;3632;0
12614087;3633;0
12617194;3634;0
12620324;3635;0
12623445;3636;0
12626587;3637;0
12629724;3638;0
12632821;3639;0
12635944;3640;0
12639070;3641;0
12642193;3642;0
12645335;3643;0
12648556;3644;0
12651595;3645;0
12654699;3646;0
12657811;3647;0
12660965;3648;0
12664078;3649;0
12667204;3650;0
12670345;3651;0
12673449;3652;0
12676625;3653;0
12679708;3654;0
12682816;3655;0
12685955;3656;0
12689089;3657;0
12692199;3658;0
12695335;3659;0
12698438;3660;0
12701575;3661;0
12704701;3662;0
12707814;3663;0
12710941;3664;0
12714077;3665;0
12717194;3666;0
12720324;3667;0
12723434;3668;0
12726558;3669;0
12729702;3670;0
12732831;3671;0
12735933;3672;0
12739057;3673;0
12742204;3674;0
12745559;3675;0
12748454;3676;0
12751573;3677;0
12754695;3678;0
12757827;3679;0
12760945;3680;0
12764068;3681;0
12767196;3682;0
12770374;3683;0
12773457;3684;0
12776576;3685;0
12779695;3686;0
12782824;3687;0
12785944;3688;0
12789055;3689;0
12792192;3690;0
12795333;3691;0
12798436;3692;0
12801576;3693;0
12804702;3694;0
12807823;3695;0
12811024;3696;0
12814054;3697;0
12817200;3698;0
12820326;3699;0
12823427;3700;0
12826551;3701;0
12829819;3702;0
12832804;3703;0
12835922;3704;0
12839049;3705;0
12842176;3706;0
12845308;3707;0
12848434;3708;0
12851564;3709;0
12854685;3710;0
12857804;3711;0
12860940;3712;0
12864068;3713;0
12867183;3714;0
12870308;3715;0
12873433;3716;0
12876553;3717;0
12879752;3718;0
12882795;3719;0
12885930;3720;0
12889041;3721;0
12892182;3722;0
12895308;3723;0
12898429;3724;0
12901537;3725;0
12904798;3726;0
12907813;3727;0
12910920;3728;0
12914041;3729;0
12917187;3730;0
12920297;3731;0
12923430;3732;0
12926544;3733;0
12929665;3734;0
12932827;3735;0
12935914;3736;0
12939051;3737;0
12942161;3738;0
12945506;3739;0
12948421;3740;0
12951693;3741;0
12954679;3742;0
12957870;3743;0
12960928;3744;0
12964050;3745;0
12967166;3746;0
12970288;3747;0
12973425;3748;0
12976550;3749;0
12979684;3750;0
12982801;3751;0
12985910;3752;0
12989030;3753;0
12992154;3754;0
12995358;3755;0
12998430;3756;0
13001557;3757;0
13004670;3758;0
13007796;3759;0
13011123;3760;0
13014043;3761;0
13017151;3762;0
13020282;3763;0
13023542;3764;0
13026547;3765;0
13029653;3766;0
13032775;3767;0
13035929;3768;0
13039033;3769;0
13042168;3770;0
13045285;3771;0
13048473;3772;0
13051552;3773;0
13054666;3774;0
13057791;3775;0
13060913;3776;0
13064021;3777;0
13067163;3778;0
13070291;3779;0
13073504;3780;0
13076538;3781;0
13079756;3782;0
13082788;3783;0
13085935;3784;0
13089041;3785;0
13092157;3786;0
13095296;3787;0
13098412;3788;0
13101546;3789;0
13104644;3790;0
13107783;3791;0
13110914;3792;0
13114040;3793;0
13117158;3794;0
13120277;3795;0
13123416;3796;0
13126610;3797;0
13129665;3798;0
13132773;3799;0
13135894;3800;0
13139020;3801;0
13142159;3802;0
13145280;3803;0
13148395;3804;0
13151534;3805;0
13154663;3806;0
13157783;3807;0
13160907;3808;0
13164095;3809;0
13167160;3810;0
13170287;3811;0
13173413;3812;0
13176527;3813;0
13179633;3814;0
13182764;3815;0
13185898;3816;0
13189047;3817;0
13192149;3818;0
13195274;3819;0
13198387;3820;0
13201688;3821;0
13204651;3822;0
13207773;3823;0
13210891;3824;0
13214032;3825;0
13217152;3826;0
13220290;3827;0
13223449;3828;0
13226528;3829;0
13229738;3830;0
13232778;3831;0
13235895;3832;0
13239020;3833;0
13242150;3834;0
13245374;3835;0
13248399;3836;0
13251627;3837;0
13254657;3838;0
13257779;3839;0
13260899;3840;0
13264006;3841;0
13267147;3842;0
13270265;3843;0
13273378;3844;0
13276516;3845;0
13279628;3846;0
13282752;3847;0
13285886;3848;0
13289019;3849;0
13292142;3850;0
13295257;3851;0
13298379;3852;0
13301522;3853;0
13304702;3854;0
13307766;3855;0
13310879;3856;0
13314011;3857;0
13317327;3858;0
13320278;3859;0
13323378;3860;0
13326532;3861;0
13329646;3862;0
13332768;3863;0
13335873;3864;0
13338997;3865;0
13342128;3866;0
13345250;3867;0
13348382;3868;0
13351505;3869;0
13354638;3870;0
13357773;3871;0
13360893;3872;0
13364020;3873;0
13367141;3874;0
13370302;3875;0
13373376;3876;0
13376506;3877;0
13379630;3878;0
13382761;3879;0
13385881;3880;0
13389004;3881;0
13392129;3882;0
13395256;3883;0
13398383;3884;0
13401715;3885;0
13404625;3886;0
13407759;3887;0
13410882;3888;0
13413987;3889;0
13417129;3890;0
13420276;3891;0
13423378;3892;0
13426534;3893;0
13429637;3894;0
13432737;3895;0
13435870;3896;0
13439000;3897;0
13442132;3898;0
13445246;3899;0
13448376;3900;0
13451504;3901;0
13454629;3902;0
13457749;3903;0
13460878;3904;0
13463992;3905;0
13467127;3906;0
13470248;3907;0
13473373;3908;0
13476490;3909;0
13479622;3910;0
13482739;3911;0
13485857;3912;0
13488994;3913;0
13492114;3914;0
13495235;3915;0
13498372;3916;0
13501503;3917;0
13504730;3918;0
13507755;3919;0
13510868;3920;0
13513999;3921;0
13517120;3922;0
13520244;3923;0
13523479;3924;0
13526495;3925;0
13529605;3926;0
13532744;3927;0
13535931;3928;0
13539002;3929;0
13542104;3930;0
13545232;3931;0
13548353;3932;0
13551477;3933;0
13554617;3934;0
13557730;3935;0
13560852;3936;0
13563975;3937;0
13567123;3938;0
13570230;3939;0
13573385;3940;0
13576478;3941;0
13579664;3942;0
13582754;3943;0
13585865;3944;0
13588996;3945;0
13592158;3946;0
13595306;3947;0
13598380;3948;0
13601501;3949;0
13604607;3950;0
13607742;3951;0
13610871;3952;0
13613981;3953;0
13617115;3954;0
13620243;3955;0
13623370;3956;0
13626490;3957;0
13629608;3958;0
13632738;3959;0
13635853;3960;0
13638970;3961;0
13642091;3962;0
13645219;3963;0
13648339;3964;0
13651499;3965;0
13654611;3966;0
13657725;3967;0
13661190;3968;0
13663977;3969;0
13667090;3970;0
13670429;3971;0
13673353;3972;0
13676470;3973;0
13679604;3974;0
13682721;3975;0
13685848;3976;0
13688975;3977;0
13692099;3978;0
13695228;3979;0
13698346;3980;0
13701472;3981;0
13704606;3982;0
13707732;3983;0
13710856;3984;0
13713974;3985;0
13717097;3986;0
13720210;3987;0
13723350;3988;0
13726471;3989;0
13729602;3990;0
13732713;3991;0
13735853;3992;0
13738963;3993;0
13742105;3994;0
13745209;3995;0
13748346;3996;0
13751458;3997;0
13754603;3998;0
13757726;3999;0
13760846;4000;0
13764182;4001;0
13767096;4002;0
13770221;4003;0
13773408;4004;0
13776467;4005;0
13779591;4006;0
13782717;4007;0
13786093;4008;0
13788967;4009;0
13792095;4010;0
13795212;4011;0
13798343;4012;0
13801478;4013;0
13804576;4014;0
13807725;4015;0
13811001;4016;0
13813978;4017;0
13817086;4018;0
13820222;4019;0
13823327;4020;0
13826462;4021;0
13829598;4022;0
13832724;4023;0
13835822;4024;0
13838972;4025;0
13842296;4026;0
13845212;4027;0
13848348;4028;0
13851459;4029;0
13854574;4030;0
13857705;4031;0
13860839;4032;0
13863949;4033;0
13867089;4034;0
13870207;4035;0
13873333;4036;0
13876462;4037;0
13879585;4038;0
13882805;4039;0
13886043;4040;0
13888959;4041;0
13892076;4042;0
13895207;4043;0
13898332;4044;0
13901462;4045;0
13904585;4046;0
13907708;4047;0
13910817;4048;0
13913961;4049;0
13917096;4050;0
13920208;4051;0
13923320;4052;0
13926833;4053;0
13932720;4055;0
13935829;4056;0
13938940;4057;0
13942085;4058;0
13945215;4059;0
13948325;4060;0
13951450;4061;0
13954561;4062;0
13957716;4063;0
13960831;4064;0
13963971;4065;0
13967060;4066;0
13970205;4067;0
13973311;4068;0
13976456;4069;0
13979587;4070;0
13982708;4071;0
13985819;4072;0
13988949;4073;0
13992061;4074;0
13995196;4075;0
13998406;4076;0
14001477;4077;0
14004571;4078;0
14007693;4079;0
14010826;4080;0
14013950;4081;0
14017074;4082;0
14020203;4083;0
14023318;4084;0
14026441;4085;0
14029575;4086;0
14032698;4087;0
14035823;4088;0
14038941;4089;0
14042054;4090;0
14045190;4091;0
14048302;4092;0
14051449;4093;0
14054556;4094;0
14057675;4095;0
14060823;4096;0
14064076;4097;0
14067067;4098;0
14070177;4099;0
14073313;4100;0
14076651;4101;0
14079573;4102;0
14082681;4103;0
14085820;4104;0
14088954;4105;0
14092080;4106;0
14095205;4107;0
14098323;4108;0
14101446;4109;0
14104575;4110;0
14107682;4111;0
14110822;4112;0
14113936;4113;0
14117050;4114;0
14120195;4115;0
14123311;4116;0
14126435;4117;0
14129559;4118;0
14132681;4119;0
14135817;4120;0
14138947;4121;0
14142052;4122;0
14145174;4123;0
14148303;4124;0
14151451;4125;0
14154656;4126;0
14157674;4127;0
14160802;4128;0
14163932;4129;0
14167054;4130;0
14170180;4131;0
14173310;4132;0
14176437;4133;0
14179542;4134;0
14182675;4135;0
14185802;4136;0
14188937;4137;0
14192049;4138;0
14195177;4139;0
14198296;4140;0
14201419;4141;0
14204560;4142;0
14207850;4143;0
14210807;4144;0
14213928;4145;0
14217047;4146;0
14220185;4147;0
14223302;4148;0
14226422;4149;0
14229546;4150;0
14232660;4151;0
14235796;4152;0
14238950;4153;0
14242054;4154;0
14245159;4155;0
14248290;4156;0
14251432;4157;0
14254551;4158;0
14257680;4159;0
14260804;4160;0
14263913;4161;0
14267049;4162;0
14270182;4163;0
14273284;4164;0
14276425;4165;0
14279535;4166;0
14282675;4167;0
14285799;4168;0
14288917;4169;0
14292038;4170;0
14295171;4171;0
14298274;4172;0
14301537;4173;0
14304545;4174;0
14307673;4175;0
14310796;4176;0
14313941;4177;0
14317043;4178;0
14320161;4179;0
14323289;4180;0
14326413;4181;0
14329541;4182;0
14332662;4183;0
14335854;4184;0
14338919;4185;0
14342051;4186;0
14345165;4187;0
14348273;4188;0
14351414;4189;0
14354521;4190;0
14357646;4191;0
14360789;4192;0
14363905;4193;0
14367032;4194;0
14370143;4195;0
14373285;4196;0
14376397;4197;0
14379568;4198;0
14382675;4199;0
14385790;4200;0
14388904;4201;0
14392052;4202;0
14395142;4203;0
14398278;4204;0
14401410;4205;0
14404525;4206;0
14407664;4207;0
14410782;4208;0
14413907;4209;0
14417029;4210;0
14420159;4211;0
14423278;4212;0
14426409;4213;0
14429535;4214;0
14432655;4215;0
14435779;4216;0
14438944;4217;0
14442042;4218;0
14445166;4219;0
14448289;4220;0
14451636;4221;0
14454520;4222;0
14457634;4223;0
14460769;4224;0
14463883;4225;0
14467083;4226;0
14470137;4227;0
14473338;4228;0
14476406;4229;0
14479599;4230;0
14482647;4231;0
14485777;4232;0
14489090;4233;0
14492202;4234;0
14495151;4235;0
14498271;4236;0
14501408;4237;0
14504526;4238;0
14507631;4239;0
14510784;4240;0
14513895;4241;0
14517031;4242;0
14520353;4243;0
14523268;4244;0
14526388;4245;0
14529517;4246;0
14532649;4247;0
14535773;4248;0
14538889;4249;0
14542069;4250;0
14545142;4251;0
14548269;4252;0
14551382;4253;0
14554525;4254;0
14557626;4255;0
14560775;4256;0
14563886;4257;0
14566998;4258;0
14570294;4259;0
14573269;4260;0
14576378;4261;0
14579516;4262;0
14582635;4263;0
14585771;4264;0
14589120;4265;0
14592017;4266;0
14595150;4267;0
14598260;4268;0
14601407;4269;0
14604511;4270;0
14607721;4271;0
14610772;4272;0
14613896;4273;0
14617011;4274;0
14620145;4275;0
14623262;4276;0
14626382;4277;0
14629694;4278;0
14632632;4279;0
14635753;4280;0
14638889;4281;0
14642007;4282;0
14645129;4283;0
14648251;4284;0
14651387;4285;0
14654502;4286;0
14657794;4287;0
14660753;4288;0
14663883;4289;0
14667000;4290;0
14670126;4291;0
14673253;4292;0
14676370;4293;0
14679548;4294;0
14682627;4295;0
14685756;4296;0
14688881;4297;0
14692196;4298;0
14695130;4299;0
14698241;4300;0
14701361;4301;0
14704508;4302;0
14707609;4303;0
14710735;4304;0
14713875;4305;0
14716997;4306;0
14720132;4307;0
14723253;4308;0
14726375;4309;0
14729497;4310;0
14732626;4311;0
14735742;4312;0
14738870;4313;0
14741995;4314;0
14745112;4315;0
14748244;4316;0
14751384;4317;0
14754690;4318;0
14757622;4319;0
14760743;4320;0
14763865;4321;0
14766992;4322;0
14770103;4323;0
14773226;4324;0
14776352;4325;0
14779476;4326;0
14782623;4327;0
14785731;4328;0
14788849;4329;0
14791995;4330;0
14795206;4331;0
14798243;4332;0
14801369;4333;0
14804492;4334;0
14807624;4335;0
14810731;4336;0
14813866;4337;0
14816984;4338;0
14820111;4339;0
14823231;4340;0
14826362;4341;0
14829472;4342;0
14832610;4343;0
14835735;4344;0
14838864;4345;0
14841979;4346;0
14845113;4347;0
14848234;4348;0
14851368;4349;0
14854506;4350;0
14857617;4351;0
14860727;4352;0
14863844;4353;0
14866982;4354;0
14870106;4355;0
14873226;4356;0
14876345;4357;0
14879472;4358;0
14882596;4359;0
14885740;4360;0
14888850;4361;0
14891986;4362;0
14895125;4363;0
14898244;4364;0
14901584;4365;0
14904499;4366;0
14907607;4367;0
14910736;4368;0
14913841;4369;0
14916973;4370;0
14920104;4371;0
14923222;4372;0
14926349;4373;0
14929484;4374;0
14932601;4375;0
14935717;4376;0
14938846;4377;0
14941971;4378;0
14945100;4379;0
14948235;4380;0
14951350;4381;0
14954471;4382;0
14957606;4383;0
14960727;4384;0
14963833;4385;0
14966978;4386;0
14970093;4387;0
14973228;4388;0
14976327;4389;0
14979458;4390;0
14982573;4391;0
14985707;4392;0
14988826;4393;0
14992198;4394;0
14995101;4395;0
14998229;4396;0
15001351;4397;0
15004466;4398;0
15007583;4399;0
15010730;4400;0
15013846;4401;0
15016966;4402;0
15020097;4403;0
15023218;4404;0
15026465;4405;0
15029475;4406;0
15032599;4407;0
15035703;4408;0
15039079;4409;0
15041964;4410;0
15045093;4411;0
15048422;4412;0
15051340;4413;0
15054458;4414;0
15057592;4415;0
15060720;4416;0
15063832;4417;0
15066974;4418;0
15070097;4419;0
15073252;4420;0
15076339;4421;0
15079463;4422;0
15082595;4423;0
15085772;4424;0
15088840;4425;0
15091947;4426;0
15095094;4427;0
15098216;4428;0
15101344;4429;0
15104458;4430;0
15107570;4431;0
15110697;4432;0
15113844;4433;0
15117015;4434;0
15120084;4435;0
15123210;4436;0
15126332;4437;0
15129461;4438;0
15132588;4439;0
15135715;4440;0
15138834;4441;0
15141960;4442;0
15145082;4443;0
15148207;4444;0
15151337;4445;0
15154445;4446;0
15157579;4447;0
15160722;4448;0
15163830;4449;0
15166945;4450;0
15170088;4451;0
15173202;4452;0
15176327;4453;0
15179453;4454;0
15182571;4455;0
15185691;4456;0
15188833;4457;0
15191956;4458;0
15195079;4459;0
15198193;4460;0
15201319;4461;0
15204523;4462;0
15207579;4463;0
15210773;4464;0
15213814;4465;0
15216946;4466;0
15220081;4467;0
15223206;4468;0
15226330;4469;0
15229458;4470;0
15232582;4471;0
15235698;4472;0
15238827;4473;0
15241943;4474;0
15245076;4475;0
15248195;4476;0
15251315;4477;0
15254455;4478;0
15257710;4479;0
15260696;4480;0
15263841;4481;0
15266945;4482;0
15270056;4483;0
15273412;4484;0
15276331;4485;0
15279447;4486;0
15282575;4487;0
15285692;4488;0
15288928;4489;0
15291952;4490;0
15295053;4491;0
15298174;4492;0
15301322;4493;0
15304431;4494;0
15307558;4495;0
15310688;4496;0
15313821;4497;0
15316922;4498;0
15320072;4499;0
15323185;4500;0
15326321;4501;0
15329423;4502;0
15332571;4503;0
15335697;4504;0
15338811;4505;0
15341942;4506;0
15345048;4507;0
15348202;4508;0
15351320;4509;0
15354430;4510;0
15357555;4511;0
15360690;4512;0
15363819;4513;0
15366933;4514;0
15370065;4515;0
15373173;4516;0
15376313;4517;0
15379441;4518;0
15382557;4519;0
15385695;4520;0
15388795;4521;0
15391934;4522;0
15395467;4523;0
15398178;4524;0
15401312;4525;0
15404419;4526;0
15407568;4527;0
15410674;4528;0
15413907;4529;0
15416920;4530;0
15420041;4531;0
15423173;4532;0
15426301;4533;0
15429473;4534;0
15432543;4535;0
15435661;4536;0
15438808;4537;0
15442050;4538;0
15445052;4539;0
15448175;4540;0
15451302;4541;0
15454421;4542;0
15457782;4543;0
15460682;4544;0
15463945;4545;0
15467115;4546;0
15470050;4547;0
15473163;4548;0
15476295;4549;0
15479425;4550;0
15482536;4551;0
15485683;4552;0
15488783;4553;0
15491931;4554;0
15495056;4555;0
15498160;4556;0
15501300;4557;0
15504405;4558;0
15507548;4559;0
15510683;4560;0
15513796;4561;0
15516906;4562;0
15520038;4563;0
15523184;4564;0
15526288;4565;0
15529428;4566;0
15532561;4567;0
15535663;4568;0
15538792;4569;0
15541924;4570;0
15545054;4571;0
15548166;4572;0
15551285;4573;0
15554417;4574;0
15557654;4575;0
15560773;4576;0
15563793;4577;0
15566905;4578;0
15570410;4579;0
15573223;4580;0
15576618;4581;0
15579407;4582;0
15582524;4583;0
15585662;4584;0
15588792;4585;0
15591901;4586;0
15595049;4587;0
15598168;4588;0
15601293;4589;0
15604570;4590;0
15607749;4591;0
15610665;4592;0
15613793;4593;0
15616921;4594;0
15620208;4595;0
15623151;4596;0
15626298;4597;0
15629391;4598;0
15632531;4599;0
15635663;4600;0
15638790;4601;0
15641910;4602;0
15645112;4603;0
15648222;4604;0
15651277;4605;0
15654394;4606;0
15657539;4607;0
15660651;4608;0
15663891;4609;0
15666921;4610;0
15670027;4611;0
15673188;4612;0
15676280;4613;0
15679390;4614;0
15682527;4615;0
15685646;4616;0
15688758;4617;0
15691889;4618;0
15695030;4619;0
15698141;4620;0
15701263;4621;0
15704403;4622;0
15707523;4623;0
15710763;4624;0
15713774;4625;0
15716904;4626;0
15720031;4627;0
15723148;4628;0
15726276;4629;0
15729410;4630;0
15732524;4631;0
15735655;4632;0
15738775;4633;0
15741898;4634;0
15745016;4635;0
15748155;4636;0
15751287;4637;0
15754395;4638;0
15757522;4639;0
15760653;4640;0
15763759;4641;0
15766894;4642;0
15770026;4643;0
15773151;4644;0
15776283;4645;0
15779395;4646;0
15782513;4647;0
15785759;4648;0
15788764;4649;0
15791879;4650;0
15795028;4651;0
15798132;4652;0
15801270;4653;0
15804399;4654;0
15807513;4655;0
15810629;4656;0
15813768;4657;0
15817191;4658;0
15820022;4659;0
15823141;4660;0
15826280;4661;0
15829399;4662;0
15832522;4663;0
15835634;4664;0
15838757;4665;0
15841883;4666;0
15845015;4667;0
15848138;4668;0
15851409;4669;0
15854385;4670;0
15857706;4671;0
15860636;4672;0
15863758;4673;0
15866882;4674;0
15870012;4675;0
15873131;4676;0
15876289;4677;0
15879378;4678;0
15882505;4679;0
15885631;4680;0
15888762;4681;0
15891883;4682;0
15894995;4683;0
15898121;4684;0
15901244;4685;0
15904376;4686;0
15907642;4687;0
15910636;4688;0
15913748;4689;0
15916865;4690;0
15920006;4691;0
15923139;4692;0
15926258;4693;0
15929387;4694;0
15932503;4695;0
15935631;4696;0
15938749;4697;0
15941955;4698;0
15945013;4699;0
15948331;4700;0
15951250;4701;0
15954383;4702;0
15957494;4703;0
15960629;4704;0
15963751;4705;0
15966882;4706;0
15970004;4707;0
15973117;4708;0
15976251;4709;0
15979371;4710;0
15982497;4711;0
15985624;4712;0
15988733;4713;0
15991873;4714;0
15994995;4715;0
15998107;4716;0
16004359;4718;0
16007496;4719;0
16010626;4720;0
16013730;4721;0
16017074;4722;0
16019995;4723;0
16023109;4724;0
16026251;4725;0
16029367;4726;0
16032478;4727;0
16035604;4728;0
16038744;4729;0
16041876;4730;0
16045045;4731;0
16048260;4732;0
16051245;4733;0
16054364;4734;0
16057482;4735;0
16060605;4736;0
16063743;4737;0
16066852;4738;0
16069978;4739;0
16073103;4740;0
16076227;4741;0
16079460;4742;0
16082615;4743;0
16085628;4744;0
16088728;4745;0
16092191;4746;0
16094981;4747;0
16098093;4748;0
16101253;4749;0
16104354;4750;0
16107481;4751;0
16113787;4753;0
16116858;4754;0
16120024;4755;0
16123101;4756;0
16126232;4757;0
16129408;4758;0
16132484;4759;0
16135618;4760;0
16138735;4761;0
16141859;4762;0
16144980;4763;0
16148108;4764;0
16151224;4765;0
16154359;4766;0
16157482;4767;0
16160598;4768;0
16163747;4769;0
16166852;4770;0
16170090;4771;0
16173094;4772;0
16176233;4773;0
16179335;4774;0
16182478;4775;0
16185608;4776;0
16188731;4777;0
16191865;4778;0
16194985;4779;0
16198085;4780;0
16201215;4781;0
16204354;4782;0
16207463;4783;0
16210589;4784;0
16213712;4785;0
16216852;4786;0
16219964;4787;0
16223104;4788;0
16226213;4789;0
16229331;4790;0
16232476;4791;0
16235599;4792;0
16238708;4793;0
16241845;4794;0
16244969;4795;0
16248105;4796;0
16251522;4797;0
16254343;4798;0
16257468;4799;0
16260597;4800;0
16263856;4801;0
16266840;4802;0
16269974;4803;0
16273095;4804;0
16276212;4805;0
16279340;4806;0
16282469;4807;0
16285592;4808;0
16288724;4809;0
16291840;4810;0
16294968;4811;0
16298079;4812;0
16301205;4813;0
16304326;4814;0
16307451;4815;0
16310765;4816;0
16313794;4817;0
16316900;4818;0
16319969;4819;0
16323368;4820;0
16326211;4821;0
16329343;4822;0
16332460;4823;0
16335598;4824;0
16338722;4825;0
16342144;4826;0
16345015;4827;0
16348081;4828;0
16351215;4829;0
16354334;4830;0
16357455;4831;0
16360579;4832;0
16363709;4833;0
16366828;4834;0
16369950;4835;0
16373090;4836;0
16376206;4837;0
16379331;4838;0
16382457;4839;0
16385588;4840;0
16388707;4841;0
16391842;4842;0
16394948;4843;0
16398064;4844;0
16401206;4845;0
16404325;4846;0
16407451;4847;0
16410589;4848;0
16413708;4849;0
16416949;4850;0
16419958;4851;0
16423073;4852;0
16426203;4853;0
16429322;4854;0
16432451;4855;0
16435578;4856;0
16438702;4857;0
16441814;4858;0
16444973;4859;0
16448082;4860;0
16451198;4861;0
16454329;4862;0
16457449;4863;0
16460576;4864;0
16463695;4865;0
16466821;4866;0
16469948;4867;0
16473072;4868;0
16476356;4869;0
16479317;4870;0
16482449;4871;0
16485564;4872;0
16488705;4873;0
16491833;4874;0
16495024;4875;0
16498061;4876;0
16501201;4877;0
16504305;4878;0
16507517;4879;0
16510574;4880;0
16513689;4881;0
16516816;4882;0
16519960;4883;0
16523064;4884;0
16526179;4885;0
16529315;4886;0
16532439;4887;0
16535575;4888;0
16538691;4889;0
16541820;4890;0
16544930;4891;0
16548065;4892;0
16551189;4893;0
16554319;4894;0
16557436;4895;0
16560575;4896;0
16563694;4897;0
16566814;4898;0
16569937;4899;0
16573057;4900;0
16576196;4901;0
16579310;4902;0
16582443;4903;0
16585560;4904;0
16588673;4905;0
16591824;4906;0
16594963;4907;0
16598079;4908;0
16601226;4909;0
16604359;4910;0
16607434;4911;0
16610552;4912;0
16613677;4913;0
16616800;4914;0
16619956;4915;0
16623072;4916;0
16626183;4917;0
16629293;4918;0
16632430;4919;0
16635553;4920;0
16638677;4921;0
16641806;4922;0
16644923;4923;0
16648067;4924;0
16651183;4925;0
16654471;4926;0
16657430;4927;0
16660563;4928;0
16663675;4929;0
16666805;4930;0
16669930;4931;0
16673048;4932;0
16676183;4933;0
16679307;4934;0
16682422;4935;0
16685740;4936;0
16688672;4937;0
16691788;4938;0
16694928;4939;0
16698061;4940;0
16701185;4941;0
16704306;4942;0
16707413;4943;0
16710543;4944;0
16713662;4945;0
16716829;4946;0
16719931;4947;0
16723129;4948;0
16726179;4949;0
16729302;4950;0
16732411;4951;0
16735548;4952;0
16738771;4953;0
16741806;4954;0
16744927;4955;0
16748039;4956;0
16751175;4957;0
16754297;4958;0
16757425;4959;0
16760538;4960;0
16763671;4961;0
16766787;4962;0
16769935;4963;0
16773039;4964;0
16776174;4965;0
16779288;4966;0
16782421;4967;0
16785537;4968;0
16788665;4969;0
16791798;4970;0
16794914;4971;0
16798038;4972;0
16801320;4973;0
16804286;4974;0
16807415;4975;0
16810534;4976;0
16813669;4977;0
16816785;4978;0
16819909;4979;0
16823037;4980;0
16826165;4981;0
16829289;4982;0
16835539;4984;0
16838647;4985;0
16841786;4986;0
16844907;4987;0
16848042;4988;0
16851162;4989;0
16854468;4990;0
16857405;4991;0
16860529;4992;0
16863658;4993;0
16866785;4994;0
16869935;4995;0
16873031;4996;0
16876164;4997;0
16879281;4998;0
16882403;4999;0
16885532;5000;0
16888660;5001;0
16891903;5002;0
16894902;5003;0
16898019;5004;0
16901564;5005;0
16904284;5006;0
16907393;5007;0
16910545;5008;0
16913661;5009;0
16916965;5010;0
16919924;5011;0
16923020;5012;0
16926331;5013;0
16929269;5014;0
16932408;5015;0
16935531;5016;0
16938655;5017;0
16941764;5018;0
16944902;5019;0
16948013;5020;0
16951145;5021;0
16954266;5022;0
16957402;5023;0
16960512;5024;0
16963655;5025;0
16966767;5026;0
16969921;5027;0
16973018;5028;0
16976152;5029;0
16979268;5030;0
16982400;5031;0
16985515;5032;0
16988650;5033;0
16991771;5034;0
16994895;5035;0
16998011;5036;0
17001152;5037;0
17004290;5038;0
17007511;5039;0
17010509;5040;0
17013656;5041;0
17016757;5042;0
17019901;5043;0
17023104;5044;0
17026130;5045;0
17029275;5046;0
17032396;5047;0
17035525;5048;0
17038627;5049;0
17041772;5050;0
17044896;5051;0
17048020;5052;0
17051151;5053;0
17054270;5054;0
17057383;5055;0
17060519;5056;0
17063643;5057;0
17066762;5058;0
17069924;5059;0
17073004;5060;0
17076140;5061;0
17079266;5062;0
17082395;5063;0
17085519;5064;0
17088632;5065;0
17091759;5066;0
17094901;5067;0
17098026;5068;0
17101138;5069;0
17104263;5070;0
17107506;5071;0
17110510;5072;0
17113680;5073;0
17116758;5074;0
17119916;5075;0
17123002;5076;0
17126119;5077;0
17129241;5078;0
17132384;5079;0
17135509;5080;0
17138640;5081;0
17141742;5082;0
17144898;5083;0
17148009;5084;0
17151143;5085;0
17154262;5086;0
17157389;5087;0
17160499;5088;0
17163632;5089;0
17166762;5090;0
17169899;5091;0
17173014;5092;0
17176126;5093;0
17179253;5094;0
17182378;5095;0
17185504;5096;0
17188631;5097;0
17191751;5098;0
17194883;5099;0
17198009;5100;0
17201123;5101;0
17204256;5102;0
17207378;5103;0
17210501;5104;0
17213621;5105;0
17216751;5106;0
17219903;5107;0
17223000;5108;0
17226121;5109;0
17229235;5110;0
17232359;5111;0
17235483;5112;0
17238625;5113;0
17241760;5114;0
17244871;5115;0
17248006;5116;0
17251110;5117;0
17254243;5118;0
17257366;5119;0
17260496;5120;0
17263627;5121;0
17266747;5122;0
17269882;5123;0
17272990;5124;0
17276117;5125;0
17279237;5126;0
17282459;5127;0
17285497;5128;0
17288612;5129;0
17291745;5130;0
17294882;5131;0
17297996;5132;0
17301113;5133;0
17304226;5134;0
17307348;5135;0
17310487;5136;0
17313629;5137;0
17316756;5138;0
17319897;5139;0
17322978;5140;0
17326124;5141;0
17329231;5142;0
17332352;5143;0
17335493;5144;0
17338607;5145;0
17341735;5146;0
17344866;5147;0
17348000;5148;0
17351106;5149;0
17354231;5150;0
17357359;5151;0
17360488;5152;0
17363597;5153;0
17366740;5154;0
17370143;5155;0
17372982;5156;0
17376103;5157;0
17379240;5158;0
17382357;5159;0
17385645;5160;0
17388608;5161;0
17391732;5162;0
17394882;5163;0
17397989;5164;0
17401111;5165;0
17404233;5166;0
17407343;5167;0
17410488;5168;0
17413614;5169;0
17416733;5170;0
17419843;5171;0
17422982;5172;0
17426108;5173;0
17429223;5174;0
17432339;5175;0
17435461;5176;0
17438607;5177;0
17441718;5178;0
17444868;5179;0
17447973;5180;0
17451085;5181;0
17454236;5182;0
17457465;5183;0
17460483;5184;0
17463603;5185;0
17466710;5186;0
17469957;5187;0
17473097;5188;0
17476108;5189;0
17479231;5190;0
17482362;5191;0
17485479;5192;0
17488595;5193;0
17491731;5194;0
17494858;5195;0
17497977;5196;0
17501090;5197;0
17504234;5198;0
17507340;5199;0
17510481;5200;0
17513596;5201;0
17516754;5202;0
17519855;5203;0
17522954;5204;0
17526245;5205;0
17529205;5206;0
17532352;5207;0
17535473;5208;0
17538577;5209;0
17541704;5210;0
17544838;5211;0
17547953;5212;0
17551076;5213;0
17554305;5214;0
17557338;5215;0
17560473;5216;0
17563599;5217;0
17566885;5218;0
17569850;5219;0
17572958;5220;0
17576090;5221;0
17579244;5222;0
17582336;5223;0
17585572;5224;0
17588584;5225;0
17591709;5226;0
17594844;5227;0
17597971;5228;0
17601090;5229;0
17604207;5230;0
17607326;5231;0
17610455;5232;0
17613598;5233;0
17616723;5234;0
17619852;5235;0
17622959;5236;0
17626084;5237;0
17629212;5238;0
17632322;5239;0
17635444;5240;0
17638576;5241;0
17641700;5242;0
17644824;5243;0
17647998;5244;0
17651078;5245;0
17654191;5246;0
17657325;5247;0
17660463;5248;0
17663636;5249;0
17666713;5250;0
17669827;5251;0
17672958;5252;0
17676082;5253;0
17679200;5254;0
17682324;5255;0
17685452;5256;0
17688577;5257;0
17691702;5258;0
17694833;5259;0
17697955;5260;0
17701076;5261;0
17704204;5262;0
17707327;5263;0
17710437;5264;0
17713559;5265;0
17716908;5266;0
17719823;5267;0
17726068;5269;0
17729184;5270;0
17732323;5271;0
17735454;5272;0
17738561;5273;0
17741691;5274;0
17744810;5275;0
17747935;5276;0
17751067;5277;0
17754189;5278;0
17757329;5279;0
17760452;5280;0
17763794;5281;0
17766699;5282;0
17769827;5283;0
17772946;5284;0
17776078;5285;0
17779193;5286;0
17782342;5287;0
17785457;5288;0
17788568;5289;0
17791699;5290;0
17794955;5291;0
17797947;5292;0
17801077;5293;0
17804203;5294;0
17807318;5295;0
17810437;5296;0
17813553;5297;0
17816697;5298;0
17819802;5299;0
17823231;5300;0
17826081;5301;0
17829185;5302;0
17832366;5303;0
17835437;5304;0
17838553;5305;0
17841678;5306;0
17844806;5307;0
17847928;5308;0
17851053;5309;0
17854176;5310;0
17857304;5311;0
17860421;5312;0
17863550;5313;0
17866695;5314;0
17869808;5315;0
17872939;5316;0
17876050;5317;0
17879183;5318;0
17882298;5319;0
17885421;5320;0
17888588;5321;0
17891675;5322;0
17894813;5323;0
17897944;5324;0
17901054;5325;0
17904188;5326;0
17907290;5327;0
17910473;5328;0
17913553;5329;0
17916666;5330;0
17919796;5331;0
17922928;5332;0
17926069;5333;0
17929164;5334;0
17932289;5335;0
17935426;5336;0
17938556;5337;0
17941659;5338;0
17944800;5339;0
17947916;5340;0
17951037;5341;0
17954162;5342;0
17957294;5343;0
17960411;5344;0
17963549;5345;0
17966683;5346;0
17969801;5347;0
17972919;5348;0
17976058;5349;0
17979161;5350;0
17982301;5351;0
17985422;5352;0
17988656;5353;0
17991675;5354;0
17994798;5355;0
17997936;5356;0
18001045;5357;0
18004174;5358;0
18007285;5359;0
18010417;5360;0
18013550;5361;0
18016666;5362;0
18019793;5363;0
18022918;5364;0
18026038;5365;0
18029181;5366;0
18032288;5367;0
18035411;5368;0
18038548;5369;0
18041662;5370;0
18044776;5371;0
18047903;5372;0
18051026;5373;0
18054165;5374;0
18057278;5375;0
18060406;5376;0
18063524;5377;0
18066662;5378;0
18069791;5379;0
18073118;5380;0
18076042;5381;0
18079148;5382;0
18082438;5383;0
18085418;5384;0
18088523;5385;0
18091648;5386;0
18094807;5387;0
18097932;5388;0
18101037;5389;0
18104171;5390;0
18107289;5391;0
18110418;5392;0
18113536;5393;0
18116659;5394;0
18119768;5395;0
18122919;5396;0
18126039;5397;0
18129168;5398;0
18132290;5399;0
18135408;5400;0
18138521;5401;0
18141648;5402;0
18144770;5403;0
18147909;5404;0
18151024;5405;0
18154144;5406;0
18157282;5407;0
18160395;5408;0
18163533;5409;0
18166639;5410;0
18169789;5411;0
18172892;5412;0
18176041;5413;0
18179172;5414;0
18182283;5415;0
18185487;5416;0
18188533;5417;0
18191667;5418;0
18194777;5419;0
18197903;5420;0
18201027;5421;0
18204153;5422;0
18207283;5423;0
18210387;5424;0
18213513;5425;0
18216656;5426;0
18219769;5427;0
18222897;5428;0
18226008;5429;0
18229146;5430;0
18232280;5431;0
18235401;5432;0
18238513;5433;0
18241766;5434;0
18244772;5435;0
18247902;5436;0
18251007;5437;0
18254148;5438;0
18257274;5439;0
18260388;5440;0
18263520;5441;0
18266638;5442;0
18269756;5443;0
18272897;5444;0
18276090;5445;0
18279136;5446;0
18282272;5447;0
18285382;5448;0
18288556;5449;0
18291946;5450;0
18294765;5451;0
18297891;5452;0
18301012;5453;0
18304146;5454;0
18307258;5455;0
18310392;5456;0
18313521;5457;0
18316651;5458;0
18319763;5459;0
18322886;5460;0
18326009;5461;0
18329162;5462;0
18332266;5463;0
18335401;5464;0
18338515;5465;0
18341672;5466;0
18344753;5467;0
18347878;5468;0
18351092;5469;0
18354124;5470;0
18357252;5471;0
18360406;5472;0
18363492;5473;0
18366632;5474;0
18369745;5475;0
18372888;5476;0
18376014;5477;0
18379139;5478;0
18382256;5479;0
18385523;5480;0
18388503;5481;0
18391629;5482;0
18394858;5483;0
18397876;5484;0
18401004;5485;0
18404129;5486;0
18407250;5487;0
18410388;5488;0
18413508;5489;0
18416721;5490;0
18419938;5491;0
18422871;5492;0
18426001;5493;0
18429124;5494;0
18432256;5495;0
18435381;5496;0
18438515;5497;0
18441632;5498;0
18444743;5499;0
18447883;5500;0
18451008;5501;0
18454135;5502;0
18457260;5503;0
18460364;5504;0
18463509;5505;0
18466626;5506;0
18469757;5507;0
18472859;5508;0
18475998;5509;0
18479109;5510;0
18482280;5511;0
18485468;5512;0
18488505;5513;0
18491618;5514;0
18494733;5515;0
18497878;5516;0
18501010;5517;0
18504130;5518;0
18507264;5519;0
18510385;5520;0
18513504;5521;0
18516621;5522;0
18519738;5523;0
18522865;5524;0
18526002;5525;0
18529120;5526;0
18532244;5527;0
18535357;5528;0
18538491;5529;0
18541634;5530;0
18544759;5531;0
18547855;5532;0
18551009;5533;0
18554130;5534;0
18557241;5535;0
18560369;5536;0
18563484;5537;0
18566601;5538;0
18569727;5539;0
18572862;5540;0
18576288;5541;0
18579120;5542;0
18582220;5543;0
18585367;5544;0
18588484;5545;0
18591614;5546;0
18594733;5547;0
18597866;5548;0
18601157;5549;0
18604113;5550;0
18607425;5551;0
18610358;5552;0
18613603;5553;0
18616621;5554;0
18619729;5555;0
18622870;5556;0
18625982;5557;0
18629106;5558;0
18632236;5559;0
18635346;5560;0
18638489;5561;0
18641610;5562;0
18644730;5563;0
18647848;5564;0
18650972;5565;0
18654103;5566;0
18657229;5567;0
18660350;5568;0
18663484;5569;0
18666595;5570;0
18669735;5571;0
18672859;5572;0
18675971;5573;0
18679101;5574;0
18682235;5575;0
18685486;5576;0
18688477;5577;0
18691614;5578;0
18694711;5579;0
18697855;5580;0
18700984;5581;0
18704131;5582;0
18707223;5583;0
18710347;5584;0
18713478;5585;0
18716598;5586;0
18719717;5587;0
18722851;5588;0
18726181;5589;0
18729094;5590;0
18732216;5591;0
18735346;5592;0
18738466;5593;0
18741670;5594;0
18744793;5595;0
18747849;5596;0
18750961;5597;0
18754206;5598;0
18757219;5599;0
18760381;5600;0
18763474;5601;0
18766580;5602;0
18769726;5603;0
18772843;5604;0
18775972;5605;0
18779095;5606;0
18782214;5607;0
18785341;5608;0
18788470;5609;0
18791587;5610;0
18794716;5611;0
18797831;5612;0
18800969;5613;0
18804201;5614;0
18807210;5615;0
18810337;5616;0
18813457;5617;0
18816587;5618;0
18819721;5619;0
18822832;5620;0
18825963;5621;0
18829085;5622;0
18832199;5623;0
18835333;5624;0
18838459;5625;0
18841575;5626;0
18844709;5627;0
18847853;5628;0
18850973;5629;0
18854070;5630;0
18857212;5631;0
18860333;5632;0
18863468;5633;0
18866573;5634;0
18869692;5635;0
18872838;5636;0
18875959;5637;0
18879088;5638;0
18882193;5639;0
18885334;5640;0
18888452;5641;0
18891590;5642;0
18894701;5643;0
18897848;5644;0
18900947;5645;0
18904086;5646;0
18907197;5647;0
18910342;5648;0
18913455;5649;0
18916578;5650;0
18919699;5651;0
18922830;5652;0
18925948;5653;0
18929132;5654;0
18932206;5655;0
18935338;5656;0
18938447;5657;0
18941580;5658;0
18944703;5659;0
18947839;5660;0
18950982;5661;0
18954094;5662;0
18957181;5663;0
18960341;5664;0
18963548;5665;0
18966565;5666;0
18969698;5667;0
18972809;5668;0
18975958;5669;0
18979281;5670;0
18982208;5671;0
18985537;5672;0
18988454;5673;0
18991559;5674;0
18994796;5675;0
18997832;5676;0
19000946;5677;0
19004057;5678;0
19007208;5679;0
19010318;5680;0
19013442;5681;0
19016577;5682;0
19019695;5683;0
19022828;5684;0
19025941;5685;0
19029067;5686;0
19032176;5687;0
19035467;5688;0
19038439;5689;0
19041550;5690;0
19044694;5691;0
19047815;5692;0
19050944;5693;0
19054069;5694;0
19057181;5695;0
19060309;5696;0
19063427;5697;0
19066564;5698;0
19069686;5699;0
19072801;5700;0
19076250;5701;0
19079071;5702;0
19082182;5703;0
19085328;5704;0
19088423;5705;0
19091574;5706;0
19094680;5707;0
19097814;5708;0
19100933;5709;0
19104067;5710;0
19107171;5711;0
19110321;5712;0
19113450;5713;0
19116552;5714;0
19119685;5715;0
19122808;5716;0
19125974;5717;0
19129065;5718;0
19132204;5719;0
19135318;5720;0
19138429;5721;0
19141561;5722;0
19144681;5723;0
19147800;5724;0
19150947;5725;0
19154466;5726;0
19157181;5727;0
19160309;5728;0
19163416;5729;0
19166564;5730;0
19169746;5731;0
19172808;5732;0
19175910;5733;0
19179037;5734;0
19182178;5735;0
19185307;5736;0
19188429;5737;0
19191559;5738;0
19194682;5739;0
19197879;5740;0
19200927;5741;0
19204051;5742;0
19207326;5743;0
19210295;5744;0
19213428;5745;0
19216549;5746;0
19219673;5747;0
19222802;5748;0
19225910;5749;0
19229058;5750;0
19232174;5751;0
19235292;5752;0
19238406;5753;0
19241585;5754;0
19244675;5755;0
19247800;5756;0
19250909;5757;0
19254053;5758;0
19257182;5759;0
19260300;5760;0
19263408;5761;0
19266545;5762;0
19269741;5763;0
19272787;5764;0
19275905;5765;0
19279037;5766;0
19282185;5767;0
19285279;5768;0
19288414;5769;0
19291529;5770;0
19294684;5771;0
19297791;5772;0
19300912;5773;0
19304055;5774;0
19307172;5775;0
19310278;5776;0
19313418;5777;0
19316604;5778;0
19319663;5779;0
19322790;5780;0
19325915;5781;0
19329047;5782;0
19332162;5783;0
19335413;5784;0
19338399;5785;0
19341545;5786;0
19344774;5787;0
19347783;5788;0
19350910;5789;0
19354039;5790;0
19357160;5791;0
19360331;5792;0
19363414;5793;0
19366530;5794;0
19369663;5795;0
19372787;5796;0
19375907;5797;0
19379037;5798;0
19382148;5799;0
19385269;5800;0
19388709;5801;0
19391549;5802;0
19394643;5803;0
19397778;5804;0
19400927;5805;0
19404042;5806;0
19407158;5807;0
19410304;5808;0
19413396;5809;0
19416536;5810;0
19419636;5811;0
19422789;5812;0
19425917;5813;0
19429040;5814;0
19432153;5815;0
19435274;5816;0
19438399;5817;0
19441525;5818;0
19444659;5819;0
19447775;5820;0
19450899;5821;0
19454030;5822;0
19457167;5823;0
19460276;5824;0
19463411;5825;0
19466509;5826;0
19469723;5827;0
19472781;5828;0
19475895;5829;0
19479032;5830;0
19482153;5831;0
19485259;5832;0
19488396;5833;0
19491702;5834;0
19494644;5835;0
19497770;5836;0
19500899;5837;0
19504119;5838;0
19507139;5839;0
19510319;5840;0
19513400;5841;0
19516512;5842;0
19519627;5843;0
19522934;5844;0
19525895;5845;0
19529023;5846;0
19532149;5847;0
19535269;5848;0
19538397;5849;0
19541526;5850;0
19544638;5851;0
19547766;5852;0
19550895;5853;0
19554000;5854;0
19557150;5855;0
19560457;5856;0
19563393;5857;0
19566518;5858;0
19569645;5859;0
19572771;5860;0
19575874;5861;0
19579017;5862;0
19582129;5863;0
19585253;5864;0
19588390;5865;0
19591509;5866;0
19594669;5867;0
19597778;5868;0
19600889;5869;0
19604008;5870;0
19607135;5871;0
